Model,Cohort,Condition,Accuracy,AUROC,AUPRC,Precision,Recall,F1,Epochs,Train_Time_s,split_id,Variant,Seed,Test_Time_s,n_features,pos_rate
BiGRU,SW,Sequence Only,0.4198,0.6119,0.0306,0.0299,0.7727,0.0575,23.0,25.5,0f50fb19f263c430,collapse,1,,,
BiGRU,SW,Sequence + Tabular,0.7639,0.8428,0.1005,0.0743,0.8117,0.1361,32.0,37.6,0f50fb19f263c430,collapse,1,,,
BiGRU,SW,Sequence Only,0.3086,0.621,0.031,0.0288,0.8896,0.0557,11.0,12.3,0f50fb19f263c430,collapse,2,,,
BiGRU,SW,Sequence + Tabular,0.7457,0.8449,0.1066,0.0712,0.8377,0.1312,24.0,28.1,0f50fb19f263c430,collapse,2,,,
BiGRU,SW,Sequence Only,0.4582,0.6203,0.0309,0.0311,0.75,0.0597,18.0,19.7,0f50fb19f263c430,collapse,3,,,
BiGRU,SW,Sequence + Tabular,0.7658,0.8386,0.1068,0.0728,0.7857,0.1333,20.0,23.6,0f50fb19f263c430,collapse,3,,,
BiGRU,SW,Sequence Only,0.3295,0.6195,0.0308,0.029,0.8701,0.0562,16.0,17.6,0f50fb19f263c430,collapse,4,,,
BiGRU,SW,Sequence + Tabular,0.7784,0.8394,0.1084,0.077,0.789,0.1403,30.0,34.9,0f50fb19f263c430,collapse,4,,,
BiGRU,SW,Sequence Only,0.4207,0.613,0.0307,0.03,0.776,0.0579,32.0,34.8,0f50fb19f263c430,collapse,42,,,
BiGRU,SW,Sequence + Tabular,0.7314,0.8428,0.1076,0.0671,0.8312,0.1242,17.0,19.8,0f50fb19f263c430,collapse,42,,,
BiGRU,SW,Sequence Only,0.4004,0.5566,0.0892,0.0865,0.7078,0.1541,18.0,20.3,0f50fb19f263c430,corr,1,,,
BiGRU,SW,Sequence + Tabular,0.7962,0.8258,0.2596,0.2296,0.6962,0.3453,24.0,28.2,0f50fb19f263c430,corr,1,,,
BiGRU,SW,Sequence Only,0.4397,0.5522,0.0872,0.0871,0.6606,0.1539,12.0,13.7,0f50fb19f263c430,corr,2,,,
BiGRU,SW,Sequence + Tabular,0.8166,0.8292,0.2631,0.2464,0.6692,0.3602,31.0,36.2,0f50fb19f263c430,corr,2,,,
BiGRU,SW,Sequence Only,0.3939,0.5546,0.0899,0.0866,0.7175,0.1545,29.0,31.8,0f50fb19f263c430,corr,3,,,
BiGRU,SW,Sequence + Tabular,0.7733,0.8383,0.2736,0.2226,0.7772,0.3461,27.0,31.5,0f50fb19f263c430,corr,3,,,
BiGRU,SW,Sequence Only,0.3624,0.5509,0.0872,0.0854,0.7483,0.1534,37.0,40.4,0f50fb19f263c430,corr,4,,,
BiGRU,SW,Sequence + Tabular,0.8046,0.8299,0.2649,0.2396,0.7049,0.3576,36.0,41.9,0f50fb19f263c430,corr,4,,,
BiGRU,SW,Sequence Only,0.379,0.5532,0.0878,0.0864,0.7358,0.1546,28.0,31.3,0f50fb19f263c430,corr,42,,,
BiGRU,SW,Sequence + Tabular,0.8183,0.8277,0.2621,0.2456,0.6538,0.357,37.0,43.1,0f50fb19f263c430,corr,42,,,
BiGRU,SW,Sequence Only,0.4177,0.5639,0.1059,0.1059,0.7166,0.1845,24.0,27.8,0f50fb19f263c430,corrpacu,1,,,
BiGRU,SW,Sequence + Tabular,0.8027,0.8356,0.326,0.282,0.7417,0.4087,31.0,38.2,0f50fb19f263c430,corrpacu,1,,,
BiGRU,SW,Sequence Only,0.4134,0.564,0.1084,0.1064,0.7271,0.1856,36.0,41.2,0f50fb19f263c430,corrpacu,2,,,
BiGRU,SW,Sequence + Tabular,0.7999,0.8278,0.3073,0.2715,0.6996,0.3912,28.0,34.3,0f50fb19f263c430,corrpacu,2,,,
BiGRU,SW,Sequence Only,0.4348,0.5617,0.1053,0.1066,0.698,0.185,19.0,21.8,0f50fb19f263c430,corrpacu,3,,,
BiGRU,SW,Sequence + Tabular,0.7335,0.8326,0.3167,0.2301,0.8097,0.3584,27.0,33.1,0f50fb19f263c430,corrpacu,3,,,
BiGRU,SW,Sequence Only,0.3641,0.5653,0.1084,0.1031,0.7684,0.1818,27.0,30.8,0f50fb19f263c430,corrpacu,4,,,
BiGRU,SW,Sequence + Tabular,0.8105,0.8295,0.3027,0.2823,0.6883,0.4004,30.0,37.0,0f50fb19f263c430,corrpacu,4,,,
BiGRU,SW,Sequence Only,0.4736,0.562,0.1065,0.1067,0.6413,0.183,23.0,26.8,0f50fb19f263c430,corrpacu,42,,,
BiGRU,SW,Sequence + Tabular,0.7657,0.8349,0.3181,0.2518,0.7854,0.3813,25.0,31.0,0f50fb19f263c430,corrpacu,42,,,
BiGRU,ICU,Sequence Only,0.2884,0.5362,0.1274,0.1268,0.8476,0.2206,25.0,36.3,6e09b6e8a1606e84,lat,1,,,
BiGRU,ICU,Sequence + Tabular,0.7646,0.7897,0.3853,0.2865,0.6584,0.3992,30.0,47.1,6e09b6e8a1606e84,lat,1,,,
BiGRU,SW,Sequence Only,0.9241,0.6917,0.3551,0.6905,0.351,0.4654,19.0,21.8,0f50fb19f263c430,lat,1,,,
BiGRU,SW,Sequence + Tabular,0.8651,0.8926,0.6062,0.3855,0.7289,0.5042,28.0,34.6,0f50fb19f263c430,lat,1,,,
BiGRU,ICU,Sequence Only,0.714,0.5273,0.1259,0.1271,0.24,0.1662,15.0,21.3,6e09b6e8a1606e84,lat,2,,,
BiGRU,ICU,Sequence + Tabular,0.7257,0.7858,0.3824,0.2577,0.6962,0.3762,21.0,31.9,6e09b6e8a1606e84,lat,2,,,
BiGRU,SW,Sequence Only,0.9103,0.693,0.3584,0.5345,0.3676,0.4356,15.0,16.9,0f50fb19f263c430,lat,2,,,
BiGRU,SW,Sequence + Tabular,0.8486,0.8953,0.6112,0.3562,0.7542,0.4839,34.0,40.7,0f50fb19f263c430,lat,2,,,
BiGRU,ICU,Sequence Only,0.3115,0.5381,0.1284,0.1269,0.8152,0.2196,25.0,36.0,6e09b6e8a1606e84,lat,3,,,
BiGRU,ICU,Sequence + Tabular,0.754,0.7853,0.3795,0.2771,0.6653,0.3912,23.0,36.0,6e09b6e8a1606e84,lat,3,,,
BiGRU,SW,Sequence Only,0.9123,0.6934,0.3592,0.5509,0.3676,0.441,18.0,20.6,0f50fb19f263c430,lat,3,,,
BiGRU,SW,Sequence + Tabular,0.8716,0.8917,0.5995,0.3965,0.6964,0.5053,23.0,28.2,0f50fb19f263c430,lat,3,,,
BiGRU,ICU,Sequence Only,0.304,0.539,0.1291,0.1268,0.8257,0.2199,36.0,51.2,6e09b6e8a1606e84,lat,4,,,
BiGRU,ICU,Sequence + Tabular,0.7361,0.7876,0.3808,0.2653,0.6902,0.3832,32.0,49.1,6e09b6e8a1606e84,lat,4,,,
BiGRU,SW,Sequence Only,0.9116,0.6905,0.357,0.5452,0.3668,0.4386,19.0,21.5,0f50fb19f263c430,lat,4,,,
BiGRU,SW,Sequence + Tabular,0.8632,0.8933,0.6061,0.3813,0.7273,0.5003,33.0,40.2,0f50fb19f263c430,lat,4,,,
BiGRU,ICU,Sequence Only,0.2846,0.5382,0.128,0.1266,0.8511,0.2204,19.0,27.6,6e09b6e8a1606e84,lat,42,,,
BiGRU,ICU,Sequence + Tabular,0.7283,0.789,0.3846,0.2613,0.7047,0.3812,32.0,49.8,6e09b6e8a1606e84,lat,42,,,
BiGRU,SW,Sequence Only,0.9111,0.6939,0.3613,0.5413,0.3676,0.4379,16.0,18.4,0f50fb19f263c430,lat,42,,,
BiGRU,SW,Sequence + Tabular,0.857,0.8956,0.6115,0.3709,0.7462,0.4955,34.0,41.9,0f50fb19f263c430,lat,42,,,
BiGRU,ICU,Sequence Only,0.6702,0.5319,0.1624,0.1651,0.2895,0.2103,20.0,27.6,6e09b6e8a1606e84,old,1,,,
BiGRU,ICU,Sequence + Tabular,0.7834,0.8083,0.5226,0.3772,0.6582,0.4796,20.0,29.4,6e09b6e8a1606e84,old,1,,,
BiGRU,SW,Sequence Only,0.873,0.6426,0.3204,0.5966,0.2633,0.3653,12.0,13.2,0f50fb19f263c430,old,1,,,
BiGRU,SW,Sequence + Tabular,0.8375,0.8765,0.612,0.4478,0.7308,0.5553,21.0,24.5,0f50fb19f263c430,old,1,,,
BiGRU,ICU,Sequence Only,0.3625,0.5323,0.1631,0.1594,0.7495,0.2628,21.0,28.8,6e09b6e8a1606e84,old,2,,,
BiGRU,ICU,Sequence + Tabular,0.774,0.814,0.5281,0.3674,0.6797,0.477,25.0,36.6,6e09b6e8a1606e84,old,2,,,
BiGRU,SW,Sequence Only,0.8754,0.6426,0.3213,0.6248,0.2563,0.3635,19.0,20.5,0f50fb19f263c430,old,2,,,
BiGRU,SW,Sequence + Tabular,0.8407,0.8788,0.6163,0.4542,0.7319,0.5606,25.0,29.1,0f50fb19f263c430,old,2,,,
BiGRU,ICU,Sequence Only,0.313,0.5373,0.1645,0.1607,0.8361,0.2696,26.0,35.6,6e09b6e8a1606e84,old,3,,,
BiGRU,ICU,Sequence + Tabular,0.7764,0.8092,0.5241,0.3704,0.6789,0.4793,23.0,33.9,6e09b6e8a1606e84,old,3,,,
BiGRU,SW,Sequence Only,0.8736,0.6481,0.3339,0.6005,0.266,0.3686,21.0,22.8,0f50fb19f263c430,old,3,,,
BiGRU,SW,Sequence + Tabular,0.8515,0.8791,0.6158,0.476,0.6954,0.5651,27.0,31.6,0f50fb19f263c430,old,3,,,
BiGRU,ICU,Sequence Only,0.3208,0.5308,0.1617,0.1601,0.8197,0.268,23.0,31.6,6e09b6e8a1606e84,old,4,,,
BiGRU,ICU,Sequence + Tabular,0.7784,0.8091,0.5289,0.3731,0.6781,0.4814,27.0,39.6,6e09b6e8a1606e84,old,4,,,
BiGRU,SW,Sequence Only,0.8755,0.6507,0.3373,0.6234,0.2601,0.367,16.0,17.5,0f50fb19f263c430,old,4,,,
BiGRU,SW,Sequence + Tabular,0.8301,0.881,0.6166,0.4362,0.7662,0.5559,27.0,31.4,0f50fb19f263c430,old,4,,,
BiGRU,ICU,Sequence Only,0.3103,0.5341,0.1628,0.1601,0.8353,0.2686,20.0,27.4,6e09b6e8a1606e84,old,42,,,
BiGRU,ICU,Sequence + Tabular,0.7915,0.8082,0.526,0.3889,0.657,0.4886,24.0,35.0,6e09b6e8a1606e84,old,42,,,
BiGRU,SW,Sequence Only,0.8711,0.6475,0.3306,0.5757,0.2713,0.3688,28.0,30.0,0f50fb19f263c430,old,42,,,
BiGRU,SW,Sequence + Tabular,0.8529,0.8779,0.6095,0.4788,0.6729,0.5595,41.0,47.2,0f50fb19f263c430,old,42,,,
BiGRU,ICU,Sequence Only,0.3279,0.5446,0.155,0.1508,0.8211,0.2549,28.0,33.5,14d2082d80407129,restricted,1,,,
BiGRU,ICU,Sequence + Tabular,0.7458,0.7897,0.4416,0.3117,0.6753,0.4265,26.0,33.4,14d2082d80407129,restricted,1,,,
BiGRU,SW,Sequence Only,0.685,0.6932,0.6372,0.7166,0.5233,0.6048,20.0,4.7,476006eb47fe7cf9,restricted,1,,,
BiGRU,SW,Sequence + Tabular,0.7346,0.8043,0.8033,0.7489,0.638,0.689,28.0,7.0,476006eb47fe7cf9,restricted,1,,,
BiGRU,ICU,Sequence Only,0.3333,0.5437,0.1552,0.1507,0.8119,0.2542,20.0,24.2,14d2082d80407129,restricted,2,,,
BiGRU,ICU,Sequence + Tabular,0.7705,0.7902,0.44,0.3347,0.6471,0.4412,22.0,28.4,14d2082d80407129,restricted,2,,,
BiGRU,SW,Sequence Only,0.6832,0.6953,0.6352,0.7227,0.507,0.5959,17.0,4.0,476006eb47fe7cf9,restricted,2,,,
BiGRU,SW,Sequence + Tabular,0.7368,0.8086,0.8067,0.7318,0.6767,0.7032,40.0,10.1,476006eb47fe7cf9,restricted,2,,,
BiGRU,ICU,Sequence Only,0.3222,0.5446,0.1579,0.1512,0.8323,0.2558,19.0,22.7,14d2082d80407129,restricted,3,,,
BiGRU,ICU,Sequence + Tabular,0.7521,0.7882,0.4399,0.3163,0.6636,0.4284,21.0,26.7,14d2082d80407129,restricted,3,,,
BiGRU,SW,Sequence Only,0.685,0.6958,0.6364,0.7143,0.5271,0.6066,16.0,3.8,476006eb47fe7cf9,restricted,3,,,
BiGRU,SW,Sequence + Tabular,0.7429,0.807,0.8059,0.7582,0.6488,0.6992,34.0,8.4,476006eb47fe7cf9,restricted,3,,,
BiGRU,ICU,Sequence Only,0.3424,0.5443,0.1563,0.1512,0.8012,0.2543,35.0,41.5,14d2082d80407129,restricted,4,,,
BiGRU,ICU,Sequence + Tabular,0.7487,0.7881,0.4397,0.3143,0.6728,0.4285,26.0,32.9,14d2082d80407129,restricted,4,,,
BiGRU,SW,Sequence Only,0.6861,0.6957,0.6415,0.7152,0.5295,0.6085,36.0,8.4,476006eb47fe7cf9,restricted,4,,,
BiGRU,SW,Sequence + Tabular,0.7368,0.8058,0.8029,0.7377,0.6651,0.6996,37.0,9.1,476006eb47fe7cf9,restricted,4,,,
BiGRU,ICU,Sequence Only,0.345,0.544,0.1539,0.1513,0.7978,0.2543,30.0,35.6,14d2082d80407129,restricted,42,,,
BiGRU,ICU,Sequence + Tabular,0.753,0.79,0.4412,0.3183,0.6694,0.4315,22.0,27.9,14d2082d80407129,restricted,42,,,
BiGRU,SW,Sequence Only,0.6875,0.6971,0.6379,0.7173,0.531,0.6102,31.0,7.2,476006eb47fe7cf9,restricted,42,,,
BiGRU,SW,Sequence + Tabular,0.7393,0.8072,0.8075,0.7513,0.6488,0.6963,52.0,12.9,476006eb47fe7cf9,restricted,42,,,
BiLSTM,SW,Sequence Only,0.3338,0.6184,0.0308,0.0292,0.8701,0.0565,13.0,13.7,0f50fb19f263c430,collapse,1,,,
BiLSTM,SW,Sequence + Tabular,0.7341,0.841,0.1015,0.0675,0.8279,0.1249,23.0,25.8,0f50fb19f263c430,collapse,1,,,
BiLSTM,SW,Sequence Only,0.4889,0.6153,0.0307,0.0312,0.7078,0.0597,27.0,28.0,0f50fb19f263c430,collapse,2,,,
BiLSTM,SW,Sequence + Tabular,0.7292,0.8428,0.1038,0.0671,0.8377,0.1242,25.0,27.8,0f50fb19f263c430,collapse,2,,,
BiLSTM,SW,Sequence Only,0.42,0.6146,0.0308,0.03,0.776,0.0578,30.0,30.7,0f50fb19f263c430,collapse,3,,,
BiLSTM,SW,Sequence + Tabular,0.6971,0.8462,0.1086,0.063,0.8799,0.1175,21.0,22.8,0f50fb19f263c430,collapse,3,,,
BiLSTM,SW,Sequence Only,0.3263,0.6148,0.0301,0.0289,0.8701,0.0559,30.0,30.9,0f50fb19f263c430,collapse,4,,,
BiLSTM,SW,Sequence + Tabular,0.7103,0.8435,0.1052,0.0642,0.8571,0.1194,24.0,26.2,0f50fb19f263c430,collapse,4,,,
BiLSTM,SW,Sequence Only,0.4443,0.6182,0.0307,0.0303,0.75,0.0583,15.0,16.2,0f50fb19f263c430,collapse,42,,,
BiLSTM,SW,Sequence + Tabular,0.7057,0.8394,0.1085,0.0624,0.8442,0.1162,18.0,20.2,0f50fb19f263c430,collapse,42,,,
BiLSTM,SW,Sequence Only,0.3635,0.5535,0.0872,0.0855,0.7473,0.1534,32.0,32.6,0f50fb19f263c430,corr,1,,,
BiLSTM,SW,Sequence + Tabular,0.8256,0.8316,0.2654,0.2511,0.6355,0.36,30.0,32.9,0f50fb19f263c430,corr,1,,,
BiLSTM,SW,Sequence Only,0.3845,0.5536,0.0888,0.0862,0.7261,0.154,17.0,17.8,0f50fb19f263c430,corr,2,,,
BiLSTM,SW,Sequence + Tabular,0.8123,0.8291,0.2636,0.2426,0.675,0.357,33.0,36.1,0f50fb19f263c430,corr,2,,,
BiLSTM,SW,Sequence Only,0.4399,0.5489,0.087,0.0859,0.649,0.1517,12.0,12.5,0f50fb19f263c430,corr,3,,,
BiLSTM,SW,Sequence + Tabular,0.7994,0.8323,0.2708,0.2364,0.7175,0.3556,32.0,35.1,0f50fb19f263c430,corr,3,,,
BiLSTM,SW,Sequence Only,0.3945,0.5488,0.0861,0.0866,0.7175,0.1546,14.0,14.6,0f50fb19f263c430,corr,4,,,
BiLSTM,SW,Sequence + Tabular,0.8032,0.8318,0.2655,0.239,0.7097,0.3575,29.0,31.8,0f50fb19f263c430,corr,4,,,
BiLSTM,SW,Sequence Only,0.3574,0.5539,0.0886,0.0852,0.7522,0.153,30.0,31.3,0f50fb19f263c430,corr,42,,,
BiLSTM,SW,Sequence + Tabular,0.7811,0.8324,0.2705,0.2239,0.7445,0.3443,29.0,31.5,0f50fb19f263c430,corr,42,,,
BiLSTM,SW,Sequence Only,0.3852,0.5605,0.1051,0.1031,0.7393,0.181,23.0,23.9,0f50fb19f263c430,corrpacu,1,,,
BiLSTM,SW,Sequence + Tabular,0.7998,0.8322,0.3121,0.2744,0.7166,0.3969,29.0,32.2,0f50fb19f263c430,corrpacu,1,,,
BiLSTM,SW,Sequence Only,0.3632,0.5633,0.1058,0.1022,0.7611,0.1801,24.0,24.9,0f50fb19f263c430,corrpacu,2,,,
BiLSTM,SW,Sequence + Tabular,0.7849,0.8318,0.3142,0.2624,0.7401,0.3875,25.0,27.4,0f50fb19f263c430,corrpacu,2,,,
BiLSTM,SW,Sequence Only,0.3484,0.5636,0.1085,0.1019,0.7789,0.1802,26.0,27.1,0f50fb19f263c430,corrpacu,3,,,
BiLSTM,SW,Sequence + Tabular,0.7997,0.8345,0.3132,0.2756,0.7239,0.3992,30.0,32.8,0f50fb19f263c430,corrpacu,3,,,
BiLSTM,SW,Sequence Only,0.3531,0.562,0.1076,0.1023,0.7765,0.1808,28.0,28.8,0f50fb19f263c430,corrpacu,4,,,
BiLSTM,SW,Sequence + Tabular,0.774,0.8309,0.3061,0.255,0.7595,0.3818,29.0,31.6,0f50fb19f263c430,corrpacu,4,,,
BiLSTM,SW,Sequence Only,0.4188,0.562,0.1061,0.1061,0.7166,0.1848,19.0,19.8,0f50fb19f263c430,corrpacu,42,,,
BiLSTM,SW,Sequence + Tabular,0.7795,0.8321,0.3169,0.2588,0.7506,0.3849,27.0,29.6,0f50fb19f263c430,corrpacu,42,,,
BiLSTM,ICU,Sequence Only,0.288,0.5362,0.1273,0.1262,0.8426,0.2195,30.0,39.2,6e09b6e8a1606e84,lat,1,,,
BiLSTM,ICU,Sequence + Tabular,0.7513,0.7908,0.3876,0.2756,0.6713,0.3908,36.0,50.1,6e09b6e8a1606e84,lat,1,,,
BiLSTM,SW,Sequence Only,0.912,0.6956,0.3605,0.5487,0.37,0.4419,16.0,16.4,0f50fb19f263c430,lat,1,,,
BiLSTM,SW,Sequence + Tabular,0.8618,0.8923,0.6047,0.3783,0.7273,0.4977,34.0,37.5,0f50fb19f263c430,lat,1,,,
BiLSTM,ICU,Sequence Only,0.2262,0.5276,0.1253,0.1252,0.9208,0.2204,13.0,17.1,6e09b6e8a1606e84,lat,2,,,
BiLSTM,ICU,Sequence + Tabular,0.7261,0.7853,0.3812,0.2602,0.7082,0.3806,18.0,25.4,6e09b6e8a1606e84,lat,2,,,
BiLSTM,SW,Sequence Only,0.9114,0.693,0.36,0.5429,0.37,0.4401,17.0,17.6,0f50fb19f263c430,lat,2,,,
BiLSTM,SW,Sequence + Tabular,0.8635,0.8913,0.6018,0.3799,0.7115,0.4953,31.0,34.5,0f50fb19f263c430,lat,2,,,
BiLSTM,ICU,Sequence Only,0.2211,0.5289,0.1264,0.1251,0.9268,0.2204,13.0,17.1,6e09b6e8a1606e84,lat,3,,,
BiLSTM,ICU,Sequence + Tabular,0.737,0.7916,0.3867,0.2675,0.6982,0.3868,31.0,43.4,6e09b6e8a1606e84,lat,3,,,
BiLSTM,SW,Sequence Only,0.9101,0.6911,0.3577,0.5321,0.3731,0.4387,20.0,20.4,0f50fb19f263c430,lat,3,,,
BiLSTM,SW,Sequence + Tabular,0.8553,0.8937,0.6034,0.3672,0.7423,0.4914,20.0,21.9,0f50fb19f263c430,lat,3,,,
BiLSTM,ICU,Sequence Only,0.6288,0.5365,0.1274,0.1306,0.3755,0.1938,19.0,25.0,6e09b6e8a1606e84,lat,4,,,
BiLSTM,ICU,Sequence + Tabular,0.7626,0.7893,0.3835,0.2848,0.6609,0.3981,37.0,52.0,6e09b6e8a1606e84,lat,4,,,
BiLSTM,SW,Sequence Only,0.9133,0.6944,0.3599,0.5604,0.3668,0.4434,13.0,13.5,0f50fb19f263c430,lat,4,,,
BiLSTM,SW,Sequence + Tabular,0.8457,0.8973,0.6072,0.3522,0.7621,0.4818,33.0,36.3,0f50fb19f263c430,lat,4,,,
BiLSTM,ICU,Sequence Only,0.2885,0.5375,0.1278,0.1264,0.8436,0.2198,21.0,27.3,6e09b6e8a1606e84,lat,42,,,
BiLSTM,ICU,Sequence + Tabular,0.7541,0.785,0.3804,0.2774,0.6663,0.3917,28.0,39.0,6e09b6e8a1606e84,lat,42,,,
BiLSTM,SW,Sequence Only,0.9139,0.69,0.3496,0.5667,0.3628,0.4424,16.0,16.5,0f50fb19f263c430,lat,42,,,
BiLSTM,SW,Sequence + Tabular,0.8504,0.8916,0.6013,0.3577,0.7399,0.4822,28.0,30.9,0f50fb19f263c430,lat,42,,,
BiLSTM,ICU,Sequence Only,0.3018,0.5343,0.1632,0.1604,0.8513,0.27,24.0,31.3,6e09b6e8a1606e84,old,1,,,
BiLSTM,ICU,Sequence + Tabular,0.771,0.812,0.5253,0.3639,0.682,0.4746,20.0,27.9,6e09b6e8a1606e84,old,1,,,
BiLSTM,SW,Sequence Only,0.8715,0.6474,0.3327,0.5795,0.2697,0.3681,22.0,22.6,0f50fb19f263c430,old,1,,,
BiLSTM,SW,Sequence + Tabular,0.8278,0.8777,0.6109,0.4315,0.7587,0.5502,18.0,19.8,0f50fb19f263c430,old,1,,,
BiLSTM,ICU,Sequence Only,0.7002,0.5396,0.1654,0.1705,0.2528,0.2037,30.0,38.8,6e09b6e8a1606e84,old,2,,,
BiLSTM,ICU,Sequence + Tabular,0.8115,0.8122,0.5267,0.4181,0.6204,0.4995,25.0,34.8,6e09b6e8a1606e84,old,2,,,
BiLSTM,SW,Sequence Only,0.8835,0.6461,0.3308,0.7377,0.2488,0.3721,21.0,21.4,0f50fb19f263c430,old,2,,,
BiLSTM,SW,Sequence + Tabular,0.8367,0.8802,0.6148,0.4468,0.7416,0.5577,26.0,28.8,0f50fb19f263c430,old,2,,,
BiLSTM,ICU,Sequence Only,0.3104,0.5328,0.1634,0.1606,0.8396,0.2697,17.0,22.3,6e09b6e8a1606e84,old,3,,,
BiLSTM,ICU,Sequence + Tabular,0.8004,0.8124,0.5262,0.4006,0.6379,0.4922,33.0,45.8,6e09b6e8a1606e84,old,3,,,
BiLSTM,SW,Sequence Only,0.8713,0.6483,0.3323,0.5787,0.2681,0.3664,13.0,13.4,0f50fb19f263c430,old,3,,,
BiLSTM,SW,Sequence + Tabular,0.8276,0.8793,0.6152,0.4323,0.7721,0.5543,26.0,29.0,0f50fb19f263c430,old,3,,,
BiLSTM,ICU,Sequence Only,0.3107,0.5329,0.1615,0.1596,0.8314,0.2678,15.0,20.0,6e09b6e8a1606e84,old,4,,,
BiLSTM,ICU,Sequence + Tabular,0.789,0.8098,0.5272,0.3842,0.65,0.483,25.0,35.1,6e09b6e8a1606e84,old,4,,,
BiLSTM,SW,Sequence Only,0.8717,0.6484,0.3334,0.5817,0.2692,0.368,26.0,27.0,0f50fb19f263c430,old,4,,,
BiLSTM,SW,Sequence + Tabular,0.8387,0.8801,0.6126,0.4502,0.7351,0.5585,33.0,36.6,0f50fb19f263c430,old,4,,,
BiLSTM,ICU,Sequence Only,0.3016,0.535,0.1631,0.1599,0.8474,0.269,17.0,22.1,6e09b6e8a1606e84,old,42,,,
BiLSTM,ICU,Sequence + Tabular,0.7932,0.8101,0.5246,0.3906,0.6488,0.4876,23.0,31.8,6e09b6e8a1606e84,old,42,,,
BiLSTM,SW,Sequence Only,0.873,0.6486,0.3331,0.595,0.2654,0.3671,28.0,28.5,0f50fb19f263c430,old,42,,,
BiLSTM,SW,Sequence + Tabular,0.8424,0.8807,0.6147,0.4572,0.7217,0.5598,27.0,29.6,0f50fb19f263c430,old,42,,,
BiLSTM,ICU,Sequence Only,0.3239,0.5507,0.1553,0.1504,0.824,0.2544,18.0,22.0,14d2082d80407129,restricted,1,,,
BiLSTM,ICU,Sequence + Tabular,0.7792,0.7912,0.4389,0.3425,0.6276,0.4432,38.0,45.4,14d2082d80407129,restricted,1,,,
BiLSTM,SW,Sequence Only,0.685,0.6955,0.6364,0.7156,0.5248,0.6055,18.0,3.9,476006eb47fe7cf9,restricted,1,,,
BiLSTM,SW,Sequence + Tabular,0.7393,0.8053,0.8037,0.7353,0.6783,0.7056,29.0,6.9,476006eb47fe7cf9,restricted,1,,,
BiLSTM,ICU,Sequence Only,0.341,0.5444,0.1547,0.1509,0.8017,0.254,30.0,33.3,14d2082d80407129,restricted,2,,,
BiLSTM,ICU,Sequence + Tabular,0.7472,0.7884,0.4374,0.3128,0.6728,0.427,20.0,24.0,14d2082d80407129,restricted,2,,,
BiLSTM,SW,Sequence Only,0.6832,0.6944,0.6348,0.711,0.5264,0.6049,24.0,5.2,476006eb47fe7cf9,restricted,2,,,
BiLSTM,SW,Sequence + Tabular,0.7396,0.8051,0.8029,0.7484,0.655,0.6986,29.0,6.8,476006eb47fe7cf9,restricted,2,,,
BiLSTM,ICU,Sequence Only,0.3334,0.5518,0.1608,0.1509,0.8128,0.2545,32.0,35.7,14d2082d80407129,restricted,3,,,
BiLSTM,ICU,Sequence + Tabular,0.7685,0.7898,0.4392,0.3326,0.6495,0.4399,22.0,26.4,14d2082d80407129,restricted,3,,,
BiLSTM,SW,Sequence Only,0.6843,0.698,0.6383,0.7128,0.5271,0.6061,34.0,7.5,476006eb47fe7cf9,restricted,3,,,
BiLSTM,SW,Sequence + Tabular,0.7382,0.8067,0.8044,0.7334,0.6783,0.7048,33.0,7.7,476006eb47fe7cf9,restricted,3,,,
BiLSTM,ICU,Sequence Only,0.3392,0.5427,0.1553,0.151,0.8046,0.2542,31.0,34.7,14d2082d80407129,restricted,4,,,
BiLSTM,ICU,Sequence + Tabular,0.7617,0.7895,0.4383,0.3248,0.6509,0.4334,27.0,32.3,14d2082d80407129,restricted,4,,,
BiLSTM,SW,Sequence Only,0.6829,0.6963,0.6395,0.7228,0.5054,0.5949,17.0,3.8,476006eb47fe7cf9,restricted,4,,,
BiLSTM,SW,Sequence + Tabular,0.7343,0.8054,0.802,0.7177,0.6977,0.7075,26.0,6.1,476006eb47fe7cf9,restricted,4,,,
BiLSTM,ICU,Sequence Only,0.3337,0.5501,0.157,0.1506,0.8104,0.254,27.0,30.8,14d2082d80407129,restricted,42,,,
BiLSTM,ICU,Sequence + Tabular,0.7313,0.7899,0.4394,0.3008,0.6942,0.4197,25.0,30.7,14d2082d80407129,restricted,42,,,
BiLSTM,SW,Sequence Only,0.6854,0.6906,0.6397,0.7255,0.5101,0.599,16.0,3.5,476006eb47fe7cf9,restricted,42,,,
BiLSTM,SW,Sequence + Tabular,0.7404,0.8072,0.8059,0.7525,0.6504,0.6977,35.0,8.4,476006eb47fe7cf9,restricted,42,,,
CNN-k23,SW,Sequence Only,0.3375,0.6202,0.0315,0.0294,0.8701,0.0568,29.0,14.2,0f50fb19f263c430,collapse,1,,,
CNN-k23,SW,Sequence + Tabular,0.7455,0.8326,0.1086,0.068,0.7955,0.1253,19.0,10.9,0f50fb19f263c430,collapse,1,,,
CNN-k23,SW,Sequence Only,0.3397,0.621,0.0314,0.0293,0.8669,0.0568,30.0,14.5,0f50fb19f263c430,collapse,2,,,
CNN-k23,SW,Sequence + Tabular,0.7983,0.833,0.1133,0.0762,0.7013,0.1375,21.0,11.8,0f50fb19f263c430,collapse,2,,,
CNN-k23,SW,Sequence Only,0.3278,0.6201,0.0311,0.029,0.8734,0.0562,24.0,11.7,0f50fb19f263c430,collapse,3,,,
CNN-k23,SW,Sequence + Tabular,0.7288,0.8399,0.1088,0.067,0.8377,0.124,26.0,14.6,0f50fb19f263c430,collapse,3,,,
CNN-k23,SW,Sequence Only,0.4334,0.6206,0.0312,0.0306,0.7727,0.0588,30.0,14.8,0f50fb19f263c430,collapse,4,,,
CNN-k23,SW,Sequence + Tabular,0.6939,0.8418,0.1181,0.0619,0.8734,0.1157,22.0,12.8,0f50fb19f263c430,collapse,4,,,
CNN-k23,SW,Sequence Only,0.4548,0.62,0.0312,0.0313,0.7597,0.06,17.0,8.3,0f50fb19f263c430,collapse,42,,,
CNN-k23,SW,Sequence + Tabular,0.7277,0.8414,0.1092,0.0667,0.8377,0.1236,20.0,11.2,0f50fb19f263c430,collapse,42,,,
CNN-k23,SW,Sequence Only,0.3739,0.5561,0.0892,0.0861,0.7396,0.1542,17.0,8.4,0f50fb19f263c430,corr,1,,,
CNN-k23,SW,Sequence + Tabular,0.7875,0.8299,0.2639,0.2275,0.7319,0.3471,29.0,15.7,0f50fb19f263c430,corr,1,,,
CNN-k23,SW,Sequence Only,0.3662,0.5534,0.0884,0.0858,0.7473,0.154,40.0,18.7,0f50fb19f263c430,corr,2,,,
CNN-k23,SW,Sequence + Tabular,0.6834,0.8284,0.27,0.1759,0.8419,0.291,22.0,12.0,0f50fb19f263c430,corr,2,,,
CNN-k23,SW,Sequence Only,0.3829,0.5534,0.088,0.0869,0.7358,0.1554,13.0,6.2,0f50fb19f263c430,corr,3,,,
CNN-k23,SW,Sequence + Tabular,0.7366,0.8316,0.2717,0.1997,0.8023,0.3198,26.0,14.3,0f50fb19f263c430,corr,3,,,
CNN-k23,SW,Sequence Only,0.363,0.5537,0.0895,0.0858,0.7512,0.154,23.0,11.0,0f50fb19f263c430,corr,4,,,
CNN-k23,SW,Sequence + Tabular,0.7566,0.8291,0.2729,0.2087,0.7715,0.3285,21.0,11.5,0f50fb19f263c430,corr,4,,,
CNN-k23,SW,Sequence Only,0.3711,0.5549,0.0889,0.0857,0.7396,0.1536,23.0,10.8,0f50fb19f263c430,corr,42,,,
CNN-k23,SW,Sequence + Tabular,0.7779,0.8285,0.2695,0.2204,0.7406,0.3397,31.0,16.9,0f50fb19f263c430,corr,42,,,
CNN-k23,SW,Sequence Only,0.365,0.5636,0.1068,0.1034,0.77,0.1823,34.0,16.0,0f50fb19f263c430,corrpacu,1,,,
CNN-k23,SW,Sequence + Tabular,0.7814,0.832,0.3107,0.2611,0.753,0.3877,28.0,15.1,0f50fb19f263c430,corrpacu,1,,,
CNN-k23,SW,Sequence Only,0.3847,0.5641,0.1071,0.1049,0.7563,0.1843,32.0,15.4,0f50fb19f263c430,corrpacu,2,,,
CNN-k23,SW,Sequence + Tabular,0.7953,0.8274,0.3036,0.2711,0.7263,0.3948,36.0,19.6,0f50fb19f263c430,corrpacu,2,,,
CNN-k23,SW,Sequence Only,0.3807,0.5624,0.1075,0.1037,0.7506,0.1822,21.0,10.2,0f50fb19f263c430,corrpacu,3,,,
CNN-k23,SW,Sequence + Tabular,0.7651,0.8305,0.3086,0.2495,0.7749,0.3774,26.0,14.1,0f50fb19f263c430,corrpacu,3,,,
CNN-k23,SW,Sequence Only,0.3726,0.5641,0.1091,0.1035,0.7603,0.1822,28.0,13.6,0f50fb19f263c430,corrpacu,4,,,
CNN-k23,SW,Sequence + Tabular,0.7814,0.8284,0.3159,0.2604,0.749,0.3865,26.0,14.4,0f50fb19f263c430,corrpacu,4,,,
CNN-k23,SW,Sequence Only,0.3578,0.564,0.106,0.1026,0.7725,0.1811,17.0,8.0,0f50fb19f263c430,corrpacu,42,,,
CNN-k23,SW,Sequence + Tabular,0.7831,0.8278,0.3112,0.2572,0.7198,0.3789,26.0,14.0,0f50fb19f263c430,corrpacu,42,,,
CNN-k23,ICU,Sequence Only,0.2801,0.5369,0.1277,0.1266,0.8576,0.2206,26.0,15.9,6e09b6e8a1606e84,lat,1,,,
CNN-k23,ICU,Sequence + Tabular,0.7573,0.7855,0.3855,0.2792,0.6599,0.3924,31.0,22.4,6e09b6e8a1606e84,lat,1,,,
CNN-k23,SW,Sequence Only,0.9119,0.6912,0.3575,0.5477,0.3676,0.4399,17.0,8.3,0f50fb19f263c430,lat,1,,,
CNN-k23,SW,Sequence + Tabular,0.8327,0.8945,0.6091,0.3349,0.7881,0.4701,28.0,16.1,0f50fb19f263c430,lat,1,,,
CNN-k23,ICU,Sequence Only,0.3026,0.5374,0.1271,0.1271,0.8297,0.2204,28.0,17.1,6e09b6e8a1606e84,lat,2,,,
CNN-k23,ICU,Sequence + Tabular,0.7369,0.7869,0.3796,0.2659,0.6897,0.3838,21.0,15.1,6e09b6e8a1606e84,lat,2,,,
CNN-k23,SW,Sequence Only,0.9107,0.6903,0.3588,0.5374,0.3692,0.4377,16.0,7.7,0f50fb19f263c430,lat,2,,,
CNN-k23,SW,Sequence + Tabular,0.8266,0.8936,0.6048,0.3252,0.7834,0.4596,19.0,10.8,0f50fb19f263c430,lat,2,,,
CNN-k23,ICU,Sequence Only,0.6271,0.5275,0.1262,0.1249,0.3561,0.1849,12.0,7.6,6e09b6e8a1606e84,lat,3,,,
CNN-k23,ICU,Sequence + Tabular,0.7517,0.7824,0.38,0.2748,0.6653,0.389,22.0,16.3,6e09b6e8a1606e84,lat,3,,,
CNN-k23,SW,Sequence Only,0.908,0.6905,0.3583,0.5161,0.3684,0.4299,29.0,14.1,0f50fb19f263c430,lat,3,,,
CNN-k23,SW,Sequence + Tabular,0.8328,0.8935,0.6027,0.3337,0.7787,0.4672,23.0,13.3,0f50fb19f263c430,lat,3,,,
CNN-k23,ICU,Sequence Only,0.6259,0.5311,0.1266,0.13,0.3775,0.1934,19.0,11.8,6e09b6e8a1606e84,lat,4,,,
CNN-k23,ICU,Sequence + Tabular,0.7371,0.7873,0.3809,0.2672,0.6962,0.3862,23.0,16.8,6e09b6e8a1606e84,lat,4,,,
CNN-k23,SW,Sequence Only,0.9088,0.6913,0.3553,0.5225,0.3668,0.431,41.0,19.8,0f50fb19f263c430,lat,4,,,
CNN-k23,SW,Sequence + Tabular,0.8338,0.8947,0.6077,0.3359,0.7834,0.4702,34.0,19.4,0f50fb19f263c430,lat,4,,,
CNN-k23,ICU,Sequence Only,0.6085,0.529,0.1254,0.1252,0.3835,0.1888,13.0,8.1,6e09b6e8a1606e84,lat,42,,,
CNN-k23,ICU,Sequence + Tabular,0.7577,0.7867,0.38,0.281,0.6668,0.3954,21.0,15.5,6e09b6e8a1606e84,lat,42,,,
CNN-k23,SW,Sequence Only,0.9082,0.6941,0.3584,0.5176,0.3723,0.4331,22.0,10.8,0f50fb19f263c430,lat,42,,,
CNN-k23,SW,Sequence + Tabular,0.8378,0.8933,0.601,0.3402,0.7692,0.4718,23.0,13.4,0f50fb19f263c430,lat,42,,,
CNN-k23,ICU,Sequence Only,0.3191,0.5356,0.1627,0.1604,0.8244,0.2686,23.0,13.7,6e09b6e8a1606e84,old,1,,,
CNN-k23,ICU,Sequence + Tabular,0.7939,0.8123,0.5278,0.3933,0.6617,0.4934,29.0,20.3,6e09b6e8a1606e84,old,1,,,
CNN-k23,SW,Sequence Only,0.8724,0.6465,0.3305,0.5896,0.2665,0.3671,18.0,8.8,0f50fb19f263c430,old,1,,,
CNN-k23,SW,Sequence + Tabular,0.8455,0.8797,0.6191,0.4634,0.7153,0.5624,31.0,17.0,0f50fb19f263c430,old,1,,,
CNN-k23,ICU,Sequence Only,0.7005,0.5359,0.1628,0.1674,0.2454,0.199,13.0,7.9,6e09b6e8a1606e84,old,2,,,
CNN-k23,ICU,Sequence + Tabular,0.7841,0.8085,0.5237,0.3783,0.659,0.4806,22.0,15.5,6e09b6e8a1606e84,old,2,,,
CNN-k23,SW,Sequence Only,0.8754,0.6496,0.3322,0.622,0.2611,0.3678,27.0,12.7,0f50fb19f263c430,old,2,,,
CNN-k23,SW,Sequence + Tabular,0.839,0.8824,0.6267,0.4518,0.7485,0.5635,27.0,14.8,0f50fb19f263c430,old,2,,,
CNN-k23,ICU,Sequence Only,0.3148,0.5396,0.1641,0.1612,0.8369,0.2703,40.0,23.7,6e09b6e8a1606e84,old,3,,,
CNN-k23,ICU,Sequence + Tabular,0.7929,0.8115,0.5246,0.3907,0.6539,0.4891,28.0,19.6,6e09b6e8a1606e84,old,3,,,
CNN-k23,SW,Sequence Only,0.8745,0.6477,0.3323,0.6127,0.2595,0.3646,29.0,13.6,0f50fb19f263c430,old,3,,,
CNN-k23,SW,Sequence + Tabular,0.8281,0.8785,0.6194,0.4327,0.7673,0.5534,26.0,14.2,0f50fb19f263c430,old,3,,,
CNN-k23,ICU,Sequence Only,0.3169,0.535,0.1625,0.1603,0.8268,0.2685,34.0,20.2,6e09b6e8a1606e84,old,4,,,
CNN-k23,ICU,Sequence + Tabular,0.7867,0.8114,0.5299,0.3828,0.6648,0.4859,28.0,19.4,6e09b6e8a1606e84,old,4,,,
CNN-k23,SW,Sequence Only,0.8754,0.6508,0.3357,0.6232,0.259,0.3659,16.0,7.5,0f50fb19f263c430,old,4,,,
CNN-k23,SW,Sequence + Tabular,0.8362,0.8786,0.6179,0.4451,0.7303,0.5531,39.0,21.2,0f50fb19f263c430,old,4,,,
CNN-k23,ICU,Sequence Only,0.3112,0.539,0.1637,0.1612,0.8428,0.2706,33.0,20.0,6e09b6e8a1606e84,old,42,,,
CNN-k23,ICU,Sequence + Tabular,0.7777,0.8129,0.5252,0.3721,0.6785,0.4807,23.0,16.0,6e09b6e8a1606e84,old,42,,,
CNN-k23,SW,Sequence Only,0.874,0.6476,0.3313,0.6051,0.2654,0.369,30.0,14.2,0f50fb19f263c430,old,42,,,
CNN-k23,SW,Sequence + Tabular,0.8527,0.8802,0.6191,0.4788,0.6912,0.5657,37.0,20.3,0f50fb19f263c430,old,42,,,
CNN-k23,ICU,Sequence Only,0.345,0.5432,0.155,0.1507,0.7934,0.2532,16.0,8.3,14d2082d80407129,restricted,1,,,
CNN-k23,ICU,Sequence + Tabular,0.7576,0.7864,0.4382,0.3207,0.6544,0.4304,22.0,13.1,14d2082d80407129,restricted,1,,,
CNN-k23,SW,Sequence Only,0.6836,0.6963,0.6346,0.7117,0.5264,0.6052,21.0,2.1,476006eb47fe7cf9,restricted,1,,,
CNN-k23,SW,Sequence + Tabular,0.7432,0.8089,0.8067,0.7455,0.6721,0.7069,41.0,4.8,476006eb47fe7cf9,restricted,1,,,
CNN-k23,ICU,Sequence Only,0.3507,0.5503,0.1593,0.1508,0.7856,0.253,16.0,8.3,14d2082d80407129,restricted,2,,,
CNN-k23,ICU,Sequence + Tabular,0.7517,0.7873,0.4391,0.3159,0.6636,0.428,30.0,17.7,14d2082d80407129,restricted,2,,,
CNN-k23,SW,Sequence Only,0.6825,0.6969,0.6386,0.6999,0.5442,0.6123,35.0,3.6,476006eb47fe7cf9,restricted,2,,,
CNN-k23,SW,Sequence + Tabular,0.7346,0.8056,0.8007,0.7289,0.6752,0.701,36.0,4.2,476006eb47fe7cf9,restricted,2,,,
CNN-k23,ICU,Sequence Only,0.3547,0.5511,0.157,0.151,0.7812,0.2532,18.0,9.4,14d2082d80407129,restricted,3,,,
CNN-k23,ICU,Sequence + Tabular,0.769,0.7857,0.4363,0.3315,0.6393,0.4366,25.0,14.9,14d2082d80407129,restricted,3,,,
CNN-k23,SW,Sequence Only,0.6839,0.6979,0.6398,0.7073,0.5357,0.6096,22.0,2.2,476006eb47fe7cf9,restricted,3,,,
CNN-k23,SW,Sequence + Tabular,0.7304,0.8024,0.7998,0.7194,0.6798,0.6991,50.0,5.8,476006eb47fe7cf9,restricted,3,,,
CNN-k23,ICU,Sequence Only,0.3384,0.5442,0.1562,0.1506,0.8026,0.2536,42.0,21.3,14d2082d80407129,restricted,4,,,
CNN-k23,ICU,Sequence + Tabular,0.7583,0.7882,0.4391,0.3215,0.6544,0.4312,24.0,14.2,14d2082d80407129,restricted,4,,,
CNN-k23,SW,Sequence Only,0.6843,0.6972,0.6405,0.7137,0.5256,0.6054,18.0,1.8,476006eb47fe7cf9,restricted,4,,,
CNN-k23,SW,Sequence + Tabular,0.7361,0.8025,0.8006,0.7286,0.6806,0.7038,60.0,7.0,476006eb47fe7cf9,restricted,4,,,
CNN-k23,ICU,Sequence Only,0.3444,0.5434,0.1541,0.1507,0.7948,0.2534,22.0,11.5,14d2082d80407129,restricted,42,,,
CNN-k23,ICU,Sequence + Tabular,0.7674,0.7846,0.4353,0.3286,0.6344,0.433,29.0,17.1,14d2082d80407129,restricted,42,,,
CNN-k23,SW,Sequence Only,0.6846,0.6993,0.6426,0.7144,0.5256,0.6056,24.0,2.5,476006eb47fe7cf9,restricted,42,,,
CNN-k23,SW,Sequence + Tabular,0.7396,0.8093,0.8071,0.7576,0.6395,0.6936,43.0,5.0,476006eb47fe7cf9,restricted,42,,,
CNN-LSTM,SW,Sequence Only,0.4511,0.6216,0.0312,0.0309,0.7565,0.0594,12.0,6.8,0f50fb19f263c430,collapse,1,,,
CNN-LSTM,SW,Sequence + Tabular,0.7109,0.8426,0.108,0.0645,0.8604,0.12,21.0,13.1,0f50fb19f263c430,collapse,1,,,
CNN-LSTM,SW,Sequence Only,0.3324,0.6196,0.0309,0.0291,0.8701,0.0564,14.0,7.9,0f50fb19f263c430,collapse,2,,,
CNN-LSTM,SW,Sequence + Tabular,0.7274,0.8401,0.1075,0.0662,0.8312,0.1226,31.0,19.4,0f50fb19f263c430,collapse,2,,,
CNN-LSTM,SW,Sequence Only,0.3285,0.617,0.031,0.029,0.8701,0.0561,25.0,14.1,0f50fb19f263c430,collapse,3,,,
CNN-LSTM,SW,Sequence + Tabular,0.7333,0.8441,0.1036,0.0692,0.8539,0.128,24.0,15.0,0f50fb19f263c430,collapse,3,,,
CNN-LSTM,SW,Sequence Only,0.3293,0.6193,0.0308,0.029,0.8701,0.0561,13.0,7.9,0f50fb19f263c430,collapse,4,,,
CNN-LSTM,SW,Sequence + Tabular,0.7907,0.8446,0.1082,0.0796,0.7695,0.1442,31.0,20.2,0f50fb19f263c430,collapse,4,,,
CNN-LSTM,SW,Sequence Only,0.4286,0.6225,0.0309,0.0305,0.776,0.0586,21.0,11.8,0f50fb19f263c430,collapse,42,,,
CNN-LSTM,SW,Sequence + Tabular,0.7243,0.8378,0.0949,0.0668,0.8506,0.1239,26.0,16.2,0f50fb19f263c430,collapse,42,,,
CNN-LSTM,SW,Sequence Only,0.3582,0.5545,0.0884,0.0855,0.7541,0.1535,23.0,12.8,0f50fb19f263c430,corr,1,,,
CNN-LSTM,SW,Sequence + Tabular,0.7909,0.8304,0.2609,0.2298,0.7271,0.3492,28.0,17.4,0f50fb19f263c430,corr,1,,,
CNN-LSTM,SW,Sequence Only,0.3547,0.5563,0.0888,0.0855,0.7589,0.1536,24.0,13.4,0f50fb19f263c430,corr,2,,,
CNN-LSTM,SW,Sequence + Tabular,0.8002,0.827,0.2552,0.2314,0.6847,0.3459,38.0,23.7,0f50fb19f263c430,corr,2,,,
CNN-LSTM,SW,Sequence Only,0.3512,0.554,0.0884,0.0848,0.756,0.1524,25.0,13.8,0f50fb19f263c430,corr,3,,,
CNN-LSTM,SW,Sequence + Tabular,0.7493,0.8306,0.2671,0.2042,0.7763,0.3234,31.0,19.2,0f50fb19f263c430,corr,3,,,
CNN-LSTM,SW,Sequence Only,0.3733,0.5564,0.0886,0.0865,0.7445,0.1549,25.0,14.1,0f50fb19f263c430,corr,4,,,
CNN-LSTM,SW,Sequence + Tabular,0.7936,0.8314,0.2655,0.2329,0.73,0.3531,28.0,17.5,0f50fb19f263c430,corr,4,,,
CNN-LSTM,SW,Sequence Only,0.3635,0.5515,0.0871,0.0853,0.7454,0.1531,15.0,8.9,0f50fb19f263c430,corr,42,,,
CNN-LSTM,SW,Sequence + Tabular,0.7917,0.8283,0.2646,0.2288,0.7165,0.3468,29.0,18.1,0f50fb19f263c430,corr,42,,,
CNN-LSTM,SW,Sequence Only,0.411,0.5619,0.1057,0.1062,0.7296,0.1854,44.0,24.3,0f50fb19f263c430,corrpacu,1,,,
CNN-LSTM,SW,Sequence + Tabular,0.7394,0.8262,0.3022,0.2315,0.7911,0.3581,22.0,13.8,0f50fb19f263c430,corrpacu,1,,,
CNN-LSTM,SW,Sequence Only,0.3567,0.5617,0.1053,0.1029,0.7773,0.1817,24.0,13.4,0f50fb19f263c430,corrpacu,2,,,
CNN-LSTM,SW,Sequence + Tabular,0.7776,0.8334,0.321,0.2583,0.7587,0.3854,25.0,15.5,0f50fb19f263c430,corrpacu,2,,,
CNN-LSTM,SW,Sequence Only,0.3734,0.5626,0.1062,0.1038,0.7619,0.1827,25.0,14.1,0f50fb19f263c430,corrpacu,3,,,
CNN-LSTM,SW,Sequence + Tabular,0.795,0.8326,0.3154,0.2727,0.7377,0.3982,33.0,20.9,0f50fb19f263c430,corrpacu,3,,,
CNN-LSTM,SW,Sequence Only,0.3601,0.5621,0.1061,0.1035,0.7781,0.1827,31.0,17.1,0f50fb19f263c430,corrpacu,4,,,
CNN-LSTM,SW,Sequence + Tabular,0.8055,0.8349,0.3256,0.2832,0.7296,0.4081,33.0,20.6,0f50fb19f263c430,corrpacu,4,,,
CNN-LSTM,SW,Sequence Only,0.401,0.5639,0.1069,0.1059,0.7409,0.1852,32.0,18.7,0f50fb19f263c430,corrpacu,42,,,
CNN-LSTM,SW,Sequence + Tabular,0.7807,0.8296,0.3121,0.257,0.7328,0.3805,28.0,17.9,0f50fb19f263c430,corrpacu,42,,,
CNN-LSTM,ICU,Sequence Only,0.302,0.5373,0.1271,0.1271,0.8307,0.2204,28.0,19.5,6e09b6e8a1606e84,lat,1,,,
CNN-LSTM,ICU,Sequence + Tabular,0.7393,0.7864,0.3888,0.2674,0.6868,0.3849,38.0,29.8,6e09b6e8a1606e84,lat,1,,,
CNN-LSTM,SW,Sequence Only,0.9099,0.692,0.3578,0.5309,0.3668,0.4338,17.0,9.2,0f50fb19f263c430,lat,1,,,
CNN-LSTM,SW,Sequence + Tabular,0.8392,0.8955,0.6005,0.3428,0.7715,0.4747,21.0,13.1,0f50fb19f263c430,lat,1,,,
CNN-LSTM,ICU,Sequence Only,0.2052,0.5263,0.1248,0.1247,0.9452,0.2203,13.0,9.3,6e09b6e8a1606e84,lat,2,,,
CNN-LSTM,ICU,Sequence + Tabular,0.7398,0.7879,0.3841,0.2689,0.6927,0.3874,30.0,23.6,6e09b6e8a1606e84,lat,2,,,
CNN-LSTM,SW,Sequence Only,0.9238,0.6924,0.3502,0.6886,0.3478,0.4622,12.0,6.7,0f50fb19f263c430,lat,2,,,
CNN-LSTM,SW,Sequence + Tabular,0.8289,0.8925,0.599,0.3285,0.7826,0.4627,20.0,12.5,0f50fb19f263c430,lat,2,,,
CNN-LSTM,ICU,Sequence Only,0.1781,0.5208,0.1242,0.1227,0.9626,0.2177,12.0,8.6,6e09b6e8a1606e84,lat,3,,,
CNN-LSTM,ICU,Sequence + Tabular,0.7606,0.7855,0.3819,0.2824,0.6584,0.3952,24.0,19.0,6e09b6e8a1606e84,lat,3,,,
CNN-LSTM,SW,Sequence Only,0.9148,0.6938,0.3591,0.5748,0.3644,0.4461,17.0,9.3,0f50fb19f263c430,lat,3,,,
CNN-LSTM,SW,Sequence + Tabular,0.838,0.8938,0.6006,0.3406,0.77,0.4722,22.0,13.8,0f50fb19f263c430,lat,3,,,
CNN-LSTM,ICU,Sequence Only,0.6011,0.5271,0.1255,0.1245,0.3909,0.1889,13.0,9.3,6e09b6e8a1606e84,lat,4,,,
CNN-LSTM,ICU,Sequence + Tabular,0.7418,0.7887,0.3814,0.2715,0.6972,0.3908,30.0,23.7,6e09b6e8a1606e84,lat,4,,,
CNN-LSTM,SW,Sequence Only,0.9232,0.6942,0.3595,0.6784,0.3502,0.4619,13.0,7.1,0f50fb19f263c430,lat,4,,,
CNN-LSTM,SW,Sequence + Tabular,0.8568,0.8934,0.6065,0.3702,0.7431,0.4942,37.0,23.0,0f50fb19f263c430,lat,4,,,
CNN-LSTM,ICU,Sequence Only,0.2351,0.5247,0.1251,0.1243,0.8994,0.2184,12.0,8.3,6e09b6e8a1606e84,lat,42,,,
CNN-LSTM,ICU,Sequence + Tabular,0.7652,0.7871,0.3832,0.287,0.6579,0.3997,26.0,20.3,6e09b6e8a1606e84,lat,42,,,
CNN-LSTM,SW,Sequence Only,0.926,0.6901,0.3459,0.7243,0.3447,0.4671,12.0,6.6,0f50fb19f263c430,lat,42,,,
CNN-LSTM,SW,Sequence + Tabular,0.8625,0.8973,0.6096,0.3821,0.7455,0.5052,33.0,20.4,0f50fb19f263c430,lat,42,,,
CNN-LSTM,ICU,Sequence Only,0.352,0.53,0.1615,0.1591,0.7636,0.2633,23.0,16.6,6e09b6e8a1606e84,old,1,,,
CNN-LSTM,ICU,Sequence + Tabular,0.7971,0.8112,0.5262,0.3977,0.6567,0.4954,26.0,21.3,6e09b6e8a1606e84,old,1,,,
CNN-LSTM,SW,Sequence Only,0.8843,0.6445,0.3245,0.7553,0.2466,0.3719,19.0,11.1,0f50fb19f263c430,old,1,,,
CNN-LSTM,SW,Sequence + Tabular,0.8216,0.8786,0.6124,0.4232,0.7855,0.55,22.0,14.6,0f50fb19f263c430,old,1,,,
CNN-LSTM,ICU,Sequence Only,0.2501,0.5316,0.1612,0.1577,0.9091,0.2688,13.0,9.4,6e09b6e8a1606e84,old,2,,,
CNN-LSTM,ICU,Sequence + Tabular,0.78,0.8093,0.5229,0.3746,0.673,0.4813,25.0,20.0,6e09b6e8a1606e84,old,2,,,
CNN-LSTM,SW,Sequence Only,0.8753,0.6471,0.3275,0.6223,0.2579,0.3647,16.0,9.0,0f50fb19f263c430,old,2,,,
CNN-LSTM,SW,Sequence + Tabular,0.8338,0.8796,0.6132,0.4423,0.7566,0.5583,31.0,19.8,0f50fb19f263c430,old,2,,,
CNN-LSTM,ICU,Sequence Only,0.3574,0.5329,0.1629,0.159,0.755,0.2627,29.0,20.9,6e09b6e8a1606e84,old,3,,,
CNN-LSTM,ICU,Sequence + Tabular,0.7715,0.8076,0.5258,0.3653,0.6879,0.4772,21.0,17.4,6e09b6e8a1606e84,old,3,,,
CNN-LSTM,SW,Sequence Only,0.8843,0.6462,0.3276,0.7553,0.2466,0.3719,17.0,10.0,0f50fb19f263c430,old,3,,,
CNN-LSTM,SW,Sequence + Tabular,0.8468,0.8792,0.6159,0.4661,0.7121,0.5634,29.0,19.1,0f50fb19f263c430,old,3,,,
CNN-LSTM,ICU,Sequence Only,0.3028,0.5308,0.1614,0.1599,0.8459,0.269,20.0,14.2,6e09b6e8a1606e84,old,4,,,
CNN-LSTM,ICU,Sequence + Tabular,0.7865,0.8077,0.5242,0.3827,0.6648,0.4857,22.0,17.3,6e09b6e8a1606e84,old,4,,,
CNN-LSTM,SW,Sequence Only,0.8696,0.6485,0.3335,0.5633,0.2697,0.3648,25.0,13.6,0f50fb19f263c430,old,4,,,
CNN-LSTM,SW,Sequence + Tabular,0.835,0.8786,0.6156,0.4443,0.7523,0.5586,26.0,16.1,0f50fb19f263c430,old,4,,,
CNN-LSTM,ICU,Sequence Only,0.3087,0.5275,0.1601,0.1569,0.8139,0.2631,13.0,9.6,6e09b6e8a1606e84,old,42,,,
CNN-LSTM,ICU,Sequence + Tabular,0.7949,0.8117,0.5287,0.3938,0.6543,0.4917,25.0,20.2,6e09b6e8a1606e84,old,42,,,
CNN-LSTM,SW,Sequence Only,0.8733,0.6471,0.3247,0.6007,0.2606,0.3635,11.0,6.2,0f50fb19f263c430,old,42,,,
CNN-LSTM,SW,Sequence + Tabular,0.8352,0.8817,0.6179,0.4444,0.7496,0.558,29.0,18.6,0f50fb19f263c430,old,42,,,
CNN-LSTM,ICU,Sequence Only,0.3346,0.5448,0.154,0.1508,0.8104,0.2543,18.0,10.7,14d2082d80407129,restricted,1,,,
CNN-LSTM,ICU,Sequence + Tabular,0.7646,0.7872,0.4385,0.3275,0.6471,0.4349,24.0,16.1,14d2082d80407129,restricted,1,,,
CNN-LSTM,SW,Sequence Only,0.6839,0.6954,0.6347,0.709,0.5326,0.6082,37.0,4.4,476006eb47fe7cf9,restricted,1,,,
CNN-LSTM,SW,Sequence + Tabular,0.7386,0.8068,0.8054,0.7376,0.6713,0.7029,33.0,4.4,476006eb47fe7cf9,restricted,1,,,
CNN-LSTM,ICU,Sequence Only,0.3354,0.5423,0.1547,0.1504,0.806,0.2535,29.0,17.2,14d2082d80407129,restricted,2,,,
CNN-LSTM,ICU,Sequence + Tabular,0.7699,0.788,0.4419,0.3323,0.6378,0.437,28.0,18.9,14d2082d80407129,restricted,2,,,
CNN-LSTM,SW,Sequence Only,0.6843,0.6963,0.6364,0.7256,0.5062,0.5963,17.0,2.0,476006eb47fe7cf9,restricted,2,,,
CNN-LSTM,SW,Sequence + Tabular,0.7407,0.8067,0.8047,0.7582,0.6419,0.6952,30.0,4.0,476006eb47fe7cf9,restricted,2,,,
CNN-LSTM,ICU,Sequence Only,0.3444,0.5439,0.1562,0.1507,0.7944,0.2533,29.0,17.2,14d2082d80407129,restricted,3,,,
CNN-LSTM,ICU,Sequence + Tabular,0.7317,0.7845,0.4347,0.2997,0.6855,0.417,20.0,13.5,14d2082d80407129,restricted,3,,,
CNN-LSTM,SW,Sequence Only,0.6836,0.6958,0.6358,0.7087,0.5318,0.6076,37.0,4.4,476006eb47fe7cf9,restricted,3,,,
CNN-LSTM,SW,Sequence + Tabular,0.7364,0.8053,0.8055,0.7505,0.6411,0.6915,37.0,4.9,476006eb47fe7cf9,restricted,3,,,
CNN-LSTM,ICU,Sequence Only,0.33,0.5433,0.1567,0.1506,0.8158,0.2542,27.0,16.1,14d2082d80407129,restricted,4,,,
CNN-LSTM,ICU,Sequence + Tabular,0.7695,0.7892,0.4419,0.331,0.6334,0.4348,36.0,24.1,14d2082d80407129,restricted,4,,,
CNN-LSTM,SW,Sequence Only,0.6825,0.6965,0.6378,0.7056,0.5333,0.6075,26.0,3.1,476006eb47fe7cf9,restricted,4,,,
CNN-LSTM,SW,Sequence + Tabular,0.7375,0.8054,0.8034,0.7419,0.6597,0.6984,62.0,8.2,476006eb47fe7cf9,restricted,4,,,
CNN-LSTM,ICU,Sequence Only,0.3808,0.5431,0.156,0.1492,0.7278,0.2476,24.0,14.2,14d2082d80407129,restricted,42,,,
CNN-LSTM,ICU,Sequence + Tabular,0.7635,0.7885,0.4422,0.3272,0.6529,0.436,28.0,18.9,14d2082d80407129,restricted,42,,,
CNN-LSTM,SW,Sequence Only,0.6846,0.6984,0.6396,0.714,0.5264,0.606,28.0,3.3,476006eb47fe7cf9,restricted,42,,,
CNN-LSTM,SW,Sequence + Tabular,0.7368,0.8018,0.7978,0.7361,0.6682,0.7005,61.0,8.1,476006eb47fe7cf9,restricted,42,,,
CNN,SW,Sequence Only,0.3358,0.6211,0.031,0.0293,0.8701,0.0567,18.0,10.0,0f50fb19f263c430,collapse,1,,,
CNN,SW,Sequence + Tabular,0.7313,0.8367,0.0965,0.068,0.8442,0.1259,19.0,12.1,0f50fb19f263c430,collapse,1,,,
CNN,SW,Sequence Only,0.3339,0.6224,0.031,0.0293,0.8734,0.0567,19.0,10.8,0f50fb19f263c430,collapse,2,,,
CNN,SW,Sequence + Tabular,0.7357,0.8309,0.1057,0.067,0.8149,0.1239,22.0,14.2,0f50fb19f263c430,collapse,2,,,
CNN,SW,Sequence Only,0.3363,0.6243,0.0314,0.0294,0.8734,0.0569,26.0,14.3,0f50fb19f263c430,collapse,3,,,
CNN,SW,Sequence + Tabular,0.6677,0.8341,0.109,0.0567,0.8636,0.1065,25.0,16.1,0f50fb19f263c430,collapse,3,,,
CNN,SW,Sequence Only,0.4532,0.6209,0.0311,0.0309,0.7532,0.0594,16.0,8.9,0f50fb19f263c430,collapse,4,,,
CNN,SW,Sequence + Tabular,0.7582,0.8382,0.114,0.0707,0.7857,0.1297,16.0,10.1,0f50fb19f263c430,collapse,4,,,
CNN,SW,Sequence Only,0.4745,0.6246,0.0315,0.0312,0.7305,0.0599,20.0,11.5,0f50fb19f263c430,collapse,42,,,
CNN,SW,Sequence + Tabular,0.7459,0.8421,0.1224,0.0689,0.8052,0.1269,17.0,10.5,0f50fb19f263c430,collapse,42,,,
CNN,SW,Sequence Only,0.4334,0.5575,0.0889,0.0872,0.6702,0.1544,20.0,10.9,0f50fb19f263c430,corr,1,,,
CNN,SW,Sequence + Tabular,0.7563,0.8262,0.2606,0.2089,0.7743,0.329,31.0,18.4,0f50fb19f263c430,corr,1,,,
CNN,SW,Sequence Only,0.3747,0.5575,0.09,0.0863,0.7406,0.1546,20.0,10.9,0f50fb19f263c430,corr,2,,,
CNN,SW,Sequence + Tabular,0.8133,0.8235,0.2609,0.2412,0.6615,0.3535,33.0,19.8,0f50fb19f263c430,corr,2,,,
CNN,SW,Sequence Only,0.4101,0.5539,0.0883,0.0873,0.703,0.1554,15.0,8.4,0f50fb19f263c430,corr,3,,,
CNN,SW,Sequence + Tabular,0.7665,0.828,0.2633,0.2158,0.7686,0.3369,28.0,16.9,0f50fb19f263c430,corr,3,,,
CNN,SW,Sequence Only,0.3772,0.5545,0.0888,0.0862,0.7367,0.1544,28.0,14.9,0f50fb19f263c430,corr,4,,,
CNN,SW,Sequence + Tabular,0.793,0.8251,0.2566,0.2298,0.7155,0.3479,34.0,20.6,0f50fb19f263c430,corr,4,,,
CNN,SW,Sequence Only,0.3798,0.5554,0.0877,0.0864,0.7348,0.1546,23.0,12.9,0f50fb19f263c430,corr,42,,,
CNN,SW,Sequence + Tabular,0.7374,0.8329,0.2703,0.2012,0.8091,0.3223,26.0,15.7,0f50fb19f263c430,corr,42,,,
CNN,SW,Sequence Only,0.3909,0.5622,0.1054,0.1051,0.749,0.1844,18.0,9.7,0f50fb19f263c430,corrpacu,1,,,
CNN,SW,Sequence + Tabular,0.8036,0.8242,0.3042,0.2769,0.7053,0.3976,33.0,19.8,0f50fb19f263c430,corrpacu,1,,,
CNN,SW,Sequence Only,0.4216,0.5631,0.1057,0.1065,0.7166,0.1855,20.0,10.8,0f50fb19f263c430,corrpacu,2,,,
CNN,SW,Sequence + Tabular,0.7913,0.8262,0.3106,0.2652,0.7174,0.3872,25.0,15.1,0f50fb19f263c430,corrpacu,2,,,
CNN,SW,Sequence Only,0.3604,0.5646,0.1078,0.1029,0.7725,0.1817,25.0,13.4,0f50fb19f263c430,corrpacu,3,,,
CNN,SW,Sequence + Tabular,0.7632,0.8303,0.3148,0.2483,0.7773,0.3763,29.0,17.5,0f50fb19f263c430,corrpacu,3,,,
CNN,SW,Sequence Only,0.4715,0.5642,0.1074,0.1077,0.6518,0.1848,17.0,9.2,0f50fb19f263c430,corrpacu,4,,,
CNN,SW,Sequence + Tabular,0.7259,0.826,0.3186,0.2242,0.8057,0.3508,21.0,12.7,0f50fb19f263c430,corrpacu,4,,,
CNN,SW,Sequence Only,0.4455,0.5606,0.1052,0.1066,0.6818,0.1843,19.0,10.5,0f50fb19f263c430,corrpacu,42,,,
CNN,SW,Sequence + Tabular,0.7807,0.8309,0.3149,0.2609,0.7563,0.388,30.0,18.3,0f50fb19f263c430,corrpacu,42,,,
CNN,ICU,Sequence Only,0.2972,0.5357,0.1268,0.1267,0.8342,0.22,19.0,13.2,6e09b6e8a1606e84,lat,1,,,
CNN,ICU,Sequence + Tabular,0.72,0.7858,0.3793,0.2552,0.7072,0.3751,25.0,19.8,6e09b6e8a1606e84,lat,1,,,
CNN,SW,Sequence Only,0.9116,0.6922,0.3595,0.5457,0.3636,0.4364,13.0,7.1,0f50fb19f263c430,lat,1,,,
CNN,SW,Sequence + Tabular,0.8696,0.8911,0.6028,0.3935,0.7115,0.5068,32.0,19.5,0f50fb19f263c430,lat,1,,,
CNN,ICU,Sequence Only,0.2976,0.5375,0.1275,0.1266,0.8332,0.2199,15.0,10.4,6e09b6e8a1606e84,lat,2,,,
CNN,ICU,Sequence + Tabular,0.7122,0.7823,0.3804,0.2493,0.7077,0.3688,15.0,12.0,6e09b6e8a1606e84,lat,2,,,
CNN,SW,Sequence Only,0.9074,0.6936,0.3589,0.5114,0.3715,0.4304,16.0,8.5,0f50fb19f263c430,lat,2,,,
CNN,SW,Sequence + Tabular,0.832,0.8918,0.6024,0.3324,0.7787,0.4659,21.0,12.7,0f50fb19f263c430,lat,2,,,
CNN,ICU,Sequence Only,0.2927,0.5379,0.1276,0.1265,0.8386,0.2198,20.0,13.8,6e09b6e8a1606e84,lat,3,,,
CNN,ICU,Sequence + Tabular,0.7575,0.7868,0.384,0.2791,0.6579,0.3919,35.0,27.0,6e09b6e8a1606e84,lat,3,,,
CNN,SW,Sequence Only,0.9021,0.6911,0.3565,0.4745,0.3747,0.4187,20.0,10.5,0f50fb19f263c430,lat,3,,,
CNN,SW,Sequence + Tabular,0.8386,0.893,0.6056,0.3407,0.7644,0.4714,20.0,12.1,0f50fb19f263c430,lat,3,,,
CNN,ICU,Sequence Only,0.293,0.5401,0.1286,0.1269,0.8421,0.2206,19.0,12.9,6e09b6e8a1606e84,lat,4,,,
CNN,ICU,Sequence + Tabular,0.7436,0.783,0.3791,0.2689,0.6738,0.3844,22.0,16.9,6e09b6e8a1606e84,lat,4,,,
CNN,SW,Sequence Only,0.9146,0.6896,0.354,0.573,0.3628,0.4443,14.0,7.4,0f50fb19f263c430,lat,4,,,
CNN,SW,Sequence + Tabular,0.8479,0.8932,0.6043,0.3537,0.7447,0.4796,21.0,12.7,0f50fb19f263c430,lat,4,,,
CNN,ICU,Sequence Only,0.3077,0.539,0.1287,0.127,0.8222,0.2201,26.0,17.6,6e09b6e8a1606e84,lat,42,,,
CNN,ICU,Sequence + Tabular,0.7333,0.7839,0.3825,0.2634,0.6932,0.3818,24.0,18.4,6e09b6e8a1606e84,lat,42,,,
CNN,SW,Sequence Only,0.9114,0.6923,0.3566,0.5433,0.3668,0.4379,13.0,6.9,0f50fb19f263c430,lat,42,,,
CNN,SW,Sequence + Tabular,0.8314,0.893,0.6011,0.3313,0.7763,0.4644,18.0,10.9,0f50fb19f263c430,lat,42,,,
CNN,ICU,Sequence Only,0.3278,0.5332,0.1616,0.1602,0.8092,0.2674,20.0,13.8,6e09b6e8a1606e84,old,1,,,
CNN,ICU,Sequence + Tabular,0.7644,0.813,0.5255,0.3577,0.6957,0.4724,24.0,18.7,6e09b6e8a1606e84,old,1,,,
CNN,SW,Sequence Only,0.8727,0.6472,0.3335,0.5925,0.2643,0.3656,19.0,10.3,0f50fb19f263c430,old,1,,,
CNN,SW,Sequence + Tabular,0.7988,0.8721,0.6034,0.3887,0.7845,0.5198,15.0,9.3,0f50fb19f263c430,old,1,,,
CNN,ICU,Sequence Only,0.3157,0.5396,0.1652,0.1612,0.8357,0.2703,25.0,17.4,6e09b6e8a1606e84,old,2,,,
CNN,ICU,Sequence + Tabular,0.7544,0.8059,0.5195,0.3474,0.7054,0.4655,17.0,13.3,6e09b6e8a1606e84,old,2,,,
CNN,SW,Sequence Only,0.8688,0.6473,0.3322,0.5558,0.2724,0.3656,31.0,16.9,0f50fb19f263c430,old,2,,,
CNN,SW,Sequence + Tabular,0.8357,0.8798,0.6201,0.4456,0.7539,0.5602,32.0,19.7,0f50fb19f263c430,old,2,,,
CNN,ICU,Sequence Only,0.3304,0.5347,0.162,0.1605,0.8073,0.2677,14.0,10.1,6e09b6e8a1606e84,old,3,,,
CNN,ICU,Sequence + Tabular,0.7892,0.8091,0.5236,0.3848,0.6516,0.4838,31.0,24.5,6e09b6e8a1606e84,old,3,,,
CNN,SW,Sequence Only,0.8705,0.6478,0.3302,0.5705,0.2713,0.3677,20.0,10.9,0f50fb19f263c430,old,3,,,
CNN,SW,Sequence + Tabular,0.8349,0.8787,0.6175,0.4437,0.7464,0.5566,29.0,18.0,0f50fb19f263c430,old,3,,,
CNN,ICU,Sequence Only,0.3208,0.5389,0.1632,0.1612,0.8279,0.2699,19.0,13.4,6e09b6e8a1606e84,old,4,,,
CNN,ICU,Sequence + Tabular,0.7926,0.8109,0.5249,0.39,0.6512,0.4878,29.0,22.7,6e09b6e8a1606e84,old,4,,,
CNN,SW,Sequence Only,0.8759,0.6479,0.3317,0.6292,0.2584,0.3664,16.0,8.7,0f50fb19f263c430,old,4,,,
CNN,SW,Sequence + Tabular,0.8299,0.8779,0.6176,0.4358,0.7646,0.5552,28.0,17.4,0f50fb19f263c430,old,4,,,
CNN,ICU,Sequence Only,0.3053,0.5343,0.1627,0.16,0.8428,0.269,19.0,14.0,6e09b6e8a1606e84,old,42,,,
CNN,ICU,Sequence + Tabular,0.7619,0.8058,0.5215,0.3559,0.7043,0.4729,18.0,14.9,6e09b6e8a1606e84,old,42,,,
CNN,SW,Sequence Only,0.8756,0.6469,0.3318,0.6276,0.2558,0.3634,11.0,6.3,0f50fb19f263c430,old,42,,,
CNN,SW,Sequence + Tabular,0.8305,0.8791,0.621,0.436,0.7528,0.5522,24.0,15.3,0f50fb19f263c430,old,42,,,
CNN,ICU,Sequence Only,0.2786,0.5415,0.1556,0.1478,0.8712,0.2527,11.0,6.5,14d2082d80407129,restricted,1,,,
CNN,ICU,Sequence + Tabular,0.7419,0.7899,0.4375,0.3081,0.6772,0.4235,27.0,17.8,14d2082d80407129,restricted,1,,,
CNN,SW,Sequence Only,0.6843,0.697,0.6378,0.7101,0.5318,0.6082,35.0,4.0,476006eb47fe7cf9,restricted,1,,,
CNN,SW,Sequence + Tabular,0.7429,0.8047,0.8037,0.744,0.6736,0.7071,42.0,5.4,476006eb47fe7cf9,restricted,1,,,
CNN,ICU,Sequence Only,0.3456,0.5452,0.1551,0.1513,0.7973,0.2543,14.0,8.2,14d2082d80407129,restricted,2,,,
CNN,ICU,Sequence + Tabular,0.7718,0.7852,0.4342,0.3343,0.6354,0.4381,20.0,13.2,14d2082d80407129,restricted,2,,,
CNN,SW,Sequence Only,0.6854,0.6938,0.6361,0.711,0.5341,0.61,16.0,1.9,476006eb47fe7cf9,restricted,2,,,
CNN,SW,Sequence + Tabular,0.7371,0.8072,0.8057,0.727,0.6876,0.7068,32.0,4.2,476006eb47fe7cf9,restricted,2,,,
CNN,ICU,Sequence Only,0.3342,0.5416,0.1553,0.1505,0.8085,0.2537,22.0,12.7,14d2082d80407129,restricted,3,,,
CNN,ICU,Sequence + Tabular,0.7464,0.7822,0.436,0.3116,0.6709,0.4255,26.0,17.1,14d2082d80407129,restricted,3,,,
CNN,SW,Sequence Only,0.6857,0.6992,0.6367,0.7109,0.5357,0.611,26.0,2.9,476006eb47fe7cf9,restricted,3,,,
CNN,SW,Sequence + Tabular,0.7396,0.8054,0.8024,0.7309,0.6884,0.709,50.0,6.4,476006eb47fe7cf9,restricted,3,,,
CNN,ICU,Sequence Only,0.3346,0.5435,0.1576,0.1508,0.8104,0.2543,15.0,8.8,14d2082d80407129,restricted,4,,,
CNN,ICU,Sequence + Tabular,0.7663,0.7868,0.4356,0.3283,0.6398,0.4339,27.0,17.8,14d2082d80407129,restricted,4,,,
CNN,SW,Sequence Only,0.6818,0.6939,0.6356,0.703,0.5357,0.608,30.0,3.5,476006eb47fe7cf9,restricted,4,,,
CNN,SW,Sequence + Tabular,0.7436,0.8074,0.8054,0.7491,0.6667,0.7055,31.0,4.0,476006eb47fe7cf9,restricted,4,,,
CNN,ICU,Sequence Only,0.348,0.5504,0.1586,0.151,0.791,0.2535,27.0,15.7,14d2082d80407129,restricted,42,,,
CNN,ICU,Sequence + Tabular,0.7479,0.7879,0.4401,0.312,0.6646,0.4247,31.0,20.2,14d2082d80407129,restricted,42,,,
CNN,SW,Sequence Only,0.6846,0.6975,0.6358,0.7153,0.524,0.6049,24.0,2.7,476006eb47fe7cf9,restricted,42,,,
CNN,SW,Sequence + Tabular,0.7379,0.807,0.8002,0.7275,0.6891,0.7078,32.0,4.1,476006eb47fe7cf9,restricted,42,,,
GRU,SW,Sequence Only,0.326,0.6216,0.0311,0.0289,0.8701,0.0559,13.0,12.7,0f50fb19f263c430,collapse,1,,,
GRU,SW,Sequence + Tabular,0.7409,0.8456,0.1151,0.069,0.8247,0.1274,22.0,22.5,0f50fb19f263c430,collapse,1,,,
GRU,SW,Sequence Only,0.4278,0.6173,0.0306,0.0304,0.776,0.0585,20.0,18.7,0f50fb19f263c430,collapse,2,,,
GRU,SW,Sequence + Tabular,0.7176,0.8385,0.1069,0.066,0.8604,0.1225,22.0,22.0,0f50fb19f263c430,collapse,2,,,
GRU,SW,Sequence Only,0.4279,0.6189,0.0307,0.0304,0.776,0.0585,16.0,15.8,0f50fb19f263c430,collapse,3,,,
GRU,SW,Sequence + Tabular,0.7731,0.8354,0.1099,0.0761,0.7987,0.1389,28.0,28.2,0f50fb19f263c430,collapse,3,,,
GRU,SW,Sequence Only,0.4728,0.6174,0.0309,0.031,0.7273,0.0595,13.0,12.2,0f50fb19f263c430,collapse,4,,,
GRU,SW,Sequence + Tabular,0.6783,0.8381,0.1105,0.0585,0.8636,0.1096,24.0,24.1,0f50fb19f263c430,collapse,4,,,
GRU,SW,Sequence Only,0.3336,0.6206,0.0309,0.0292,0.8701,0.0565,15.0,14.1,0f50fb19f263c430,collapse,42,,,
GRU,SW,Sequence + Tabular,0.8036,0.8353,0.0986,0.083,0.7532,0.1495,40.0,40.0,0f50fb19f263c430,collapse,42,,,
GRU,SW,Sequence Only,0.3787,0.551,0.0864,0.0857,0.729,0.1533,18.0,16.8,0f50fb19f263c430,corr,1,,,
GRU,SW,Sequence + Tabular,0.761,0.8298,0.2664,0.2108,0.7647,0.3306,26.0,26.2,0f50fb19f263c430,corr,1,,,
GRU,SW,Sequence Only,0.3659,0.5577,0.0901,0.0855,0.7445,0.1534,30.0,28.1,0f50fb19f263c430,corr,2,,,
GRU,SW,Sequence + Tabular,0.7278,0.8305,0.2766,0.196,0.8149,0.316,23.0,23.4,0f50fb19f263c430,corr,2,,,
GRU,SW,Sequence Only,0.3669,0.5533,0.0875,0.0856,0.7435,0.1534,16.0,15.1,0f50fb19f263c430,corr,3,,,
GRU,SW,Sequence + Tabular,0.7709,0.8336,0.2679,0.2181,0.7618,0.3391,24.0,24.3,0f50fb19f263c430,corr,3,,,
GRU,SW,Sequence Only,0.3597,0.5575,0.0895,0.0851,0.7483,0.1528,29.0,26.9,0f50fb19f263c430,corr,4,,,
GRU,SW,Sequence + Tabular,0.7731,0.8326,0.27,0.2192,0.757,0.3399,28.0,27.9,0f50fb19f263c430,corr,4,,,
GRU,SW,Sequence Only,0.3702,0.5542,0.089,0.0861,0.7445,0.1543,26.0,24.5,0f50fb19f263c430,corr,42,,,
GRU,SW,Sequence + Tabular,0.7662,0.8333,0.2683,0.2161,0.7724,0.3377,27.0,27.1,0f50fb19f263c430,corr,42,,,
GRU,SW,Sequence Only,0.4078,0.5638,0.108,0.1057,0.7296,0.1846,28.0,26.2,0f50fb19f263c430,corrpacu,1,,,
GRU,SW,Sequence + Tabular,0.7782,0.8326,0.3186,0.2572,0.7482,0.3828,28.0,28.4,0f50fb19f263c430,corrpacu,1,,,
GRU,SW,Sequence Only,0.3442,0.5581,0.106,0.1023,0.7887,0.181,12.0,11.3,0f50fb19f263c430,corrpacu,2,,,
GRU,SW,Sequence + Tabular,0.813,0.83,0.3168,0.2856,0.6891,0.4038,34.0,34.1,0f50fb19f263c430,corrpacu,2,,,
GRU,SW,Sequence Only,0.3844,0.5609,0.1061,0.1034,0.7425,0.1815,13.0,12.3,0f50fb19f263c430,corrpacu,3,,,
GRU,SW,Sequence + Tabular,0.823,0.8286,0.312,0.2929,0.6543,0.4046,33.0,33.0,0f50fb19f263c430,corrpacu,3,,,
GRU,SW,Sequence Only,0.3843,0.563,0.1063,0.1045,0.753,0.1836,33.0,30.4,0f50fb19f263c430,corrpacu,4,,,
GRU,SW,Sequence + Tabular,0.8001,0.8325,0.3197,0.2756,0.7215,0.3988,36.0,35.8,0f50fb19f263c430,corrpacu,4,,,
GRU,SW,Sequence Only,0.4011,0.5609,0.1065,0.1049,0.732,0.1834,25.0,24.9,0f50fb19f263c430,corrpacu,42,,,
GRU,SW,Sequence + Tabular,0.7707,0.8331,0.3209,0.2536,0.7692,0.3814,27.0,27.5,0f50fb19f263c430,corrpacu,42,,,
GRU,ICU,Sequence Only,0.297,0.536,0.1272,0.1271,0.8381,0.2208,31.0,36.4,6e09b6e8a1606e84,lat,1,,,
GRU,ICU,Sequence + Tabular,0.7538,0.788,0.3874,0.278,0.6713,0.3932,44.0,55.8,6e09b6e8a1606e84,lat,1,,,
GRU,SW,Sequence Only,0.9262,0.6937,0.3601,0.7241,0.3486,0.4707,18.0,16.5,0f50fb19f263c430,lat,1,,,
GRU,SW,Sequence + Tabular,0.8528,0.8947,0.6045,0.3635,0.7502,0.4897,29.0,29.2,0f50fb19f263c430,lat,1,,,
GRU,ICU,Sequence Only,0.7394,0.5308,0.1271,0.1291,0.2077,0.1592,12.0,14.3,6e09b6e8a1606e84,lat,2,,,
GRU,ICU,Sequence + Tabular,0.7448,0.7891,0.3807,0.2719,0.6843,0.3891,31.0,39.3,6e09b6e8a1606e84,lat,2,,,
GRU,SW,Sequence Only,0.9083,0.6927,0.3595,0.5184,0.3684,0.4307,20.0,18.5,0f50fb19f263c430,lat,2,,,
GRU,SW,Sequence + Tabular,0.8333,0.8936,0.6001,0.3364,0.7921,0.4722,22.0,22.1,0f50fb19f263c430,lat,2,,,
GRU,ICU,Sequence Only,0.3016,0.5362,0.1274,0.1271,0.8317,0.2205,30.0,36.4,6e09b6e8a1606e84,lat,3,,,
GRU,ICU,Sequence + Tabular,0.7528,0.7879,0.386,0.2767,0.6698,0.3917,32.0,41.2,6e09b6e8a1606e84,lat,3,,,
GRU,SW,Sequence Only,0.9153,0.6903,0.358,0.5807,0.3613,0.4454,13.0,12.2,0f50fb19f263c430,lat,3,,,
GRU,SW,Sequence + Tabular,0.8349,0.8921,0.5923,0.3355,0.7692,0.4672,17.0,17.2,0f50fb19f263c430,lat,3,,,
GRU,ICU,Sequence Only,0.221,0.5278,0.1258,0.1244,0.9203,0.2192,16.0,19.8,6e09b6e8a1606e84,lat,4,,,
GRU,ICU,Sequence + Tabular,0.7509,0.7831,0.379,0.2736,0.6628,0.3874,25.0,32.8,6e09b6e8a1606e84,lat,4,,,
GRU,SW,Sequence Only,0.9164,0.694,0.3562,0.5917,0.3597,0.4474,14.0,13.5,0f50fb19f263c430,lat,4,,,
GRU,SW,Sequence + Tabular,0.8553,0.8942,0.6012,0.3672,0.7431,0.4915,36.0,37.0,0f50fb19f263c430,lat,4,,,
GRU,ICU,Sequence Only,0.2973,0.5386,0.128,0.1271,0.8376,0.2207,43.0,50.1,6e09b6e8a1606e84,lat,42,,,
GRU,ICU,Sequence + Tabular,0.7562,0.7875,0.3848,0.2784,0.6609,0.3917,32.0,40.5,6e09b6e8a1606e84,lat,42,,,
GRU,SW,Sequence Only,0.9166,0.6931,0.3571,0.5948,0.3597,0.4483,20.0,18.5,0f50fb19f263c430,lat,42,,,
GRU,SW,Sequence + Tabular,0.8461,0.8918,0.5907,0.3521,0.7557,0.4804,20.0,20.0,0f50fb19f263c430,lat,42,,,
GRU,ICU,Sequence Only,0.3036,0.5324,0.1617,0.1592,0.8389,0.2676,18.0,21.3,6e09b6e8a1606e84,old,1,,,
GRU,ICU,Sequence + Tabular,0.7832,0.8079,0.5257,0.3783,0.668,0.4831,23.0,29.3,6e09b6e8a1606e84,old,1,,,
GRU,SW,Sequence Only,0.8762,0.648,0.3329,0.6315,0.2601,0.3684,24.0,22.2,0f50fb19f263c430,old,1,,,
GRU,SW,Sequence + Tabular,0.8374,0.8786,0.6131,0.4479,0.7373,0.5572,32.0,32.2,0f50fb19f263c430,old,1,,,
GRU,ICU,Sequence Only,0.3291,0.5282,0.16,0.1591,0.7991,0.2654,13.0,15.6,6e09b6e8a1606e84,old,2,,,
GRU,ICU,Sequence + Tabular,0.7452,0.8121,0.5228,0.3398,0.7214,0.462,20.0,25.4,6e09b6e8a1606e84,old,2,,,
GRU,SW,Sequence Only,0.8684,0.6448,0.3293,0.5528,0.2724,0.3649,15.0,14.0,0f50fb19f263c430,old,2,,,
GRU,SW,Sequence + Tabular,0.8311,0.8802,0.6189,0.4377,0.7603,0.5555,31.0,31.0,0f50fb19f263c430,old,2,,,
GRU,ICU,Sequence Only,0.3156,0.5309,0.1613,0.1595,0.8233,0.2673,19.0,22.4,6e09b6e8a1606e84,old,3,,,
GRU,ICU,Sequence + Tabular,0.768,0.8114,0.5245,0.3611,0.6886,0.4738,22.0,27.9,6e09b6e8a1606e84,old,3,,,
GRU,SW,Sequence Only,0.8762,0.6482,0.3313,0.6332,0.2574,0.366,25.0,22.9,0f50fb19f263c430,old,3,,,
GRU,SW,Sequence + Tabular,0.8404,0.8796,0.6169,0.4539,0.7362,0.5616,37.0,36.8,0f50fb19f263c430,old,3,,,
GRU,ICU,Sequence Only,0.705,0.5347,0.164,0.1669,0.2368,0.1958,24.0,29.2,6e09b6e8a1606e84,old,4,,,
GRU,ICU,Sequence + Tabular,0.7588,0.8117,0.5284,0.3535,0.7124,0.4725,21.0,26.9,6e09b6e8a1606e84,old,4,,,
GRU,SW,Sequence Only,0.8718,0.647,0.3294,0.5842,0.266,0.3655,24.0,22.2,0f50fb19f263c430,old,4,,,
GRU,SW,Sequence + Tabular,0.8318,0.8793,0.6172,0.4389,0.7603,0.5565,28.0,28.2,0f50fb19f263c430,old,4,,,
GRU,ICU,Sequence Only,0.3068,0.5373,0.165,0.1604,0.8435,0.2695,40.0,46.6,6e09b6e8a1606e84,old,42,,,
GRU,ICU,Sequence + Tabular,0.7653,0.8098,0.5252,0.3581,0.6914,0.4718,21.0,26.6,6e09b6e8a1606e84,old,42,,,
GRU,SW,Sequence Only,0.8707,0.6483,0.3339,0.5729,0.2697,0.3668,21.0,19.5,0f50fb19f263c430,old,42,,,
GRU,SW,Sequence + Tabular,0.8289,0.8808,0.616,0.4342,0.7678,0.5547,22.0,22.1,0f50fb19f263c430,old,42,,,
GRU,ICU,Sequence Only,0.3289,0.5412,0.1537,0.1499,0.8123,0.2531,27.0,28.0,14d2082d80407129,restricted,1,,,
GRU,ICU,Sequence + Tabular,0.7454,0.7889,0.4412,0.3111,0.6743,0.4258,24.0,27.1,14d2082d80407129,restricted,1,,,
GRU,SW,Sequence Only,0.6839,0.6934,0.6344,0.7143,0.5233,0.604,17.0,3.4,476006eb47fe7cf9,restricted,1,,,
GRU,SW,Sequence + Tabular,0.7332,0.8041,0.8036,0.7235,0.6814,0.7018,53.0,11.8,476006eb47fe7cf9,restricted,1,,,
GRU,ICU,Sequence Only,0.338,0.5451,0.1557,0.151,0.807,0.2545,38.0,38.3,14d2082d80407129,restricted,2,,,
GRU,ICU,Sequence + Tabular,0.7533,0.7885,0.4402,0.3172,0.6612,0.4287,26.0,28.5,14d2082d80407129,restricted,2,,,
GRU,SW,Sequence Only,0.685,0.6947,0.6351,0.7232,0.5124,0.5998,16.0,3.1,476006eb47fe7cf9,restricted,2,,,
GRU,SW,Sequence + Tabular,0.7425,0.8086,0.807,0.7511,0.6597,0.7024,39.0,8.3,476006eb47fe7cf9,restricted,2,,,
GRU,ICU,Sequence Only,0.3384,0.5506,0.1571,0.1509,0.8051,0.2541,37.0,38.1,14d2082d80407129,restricted,3,,,
GRU,ICU,Sequence + Tabular,0.7502,0.789,0.4427,0.3148,0.6665,0.4276,26.0,29.3,14d2082d80407129,restricted,3,,,
GRU,SW,Sequence Only,0.6843,0.6973,0.6368,0.7119,0.5287,0.6068,34.0,7.0,476006eb47fe7cf9,restricted,3,,,
GRU,SW,Sequence + Tabular,0.7404,0.8087,0.8067,0.7441,0.6651,0.7024,48.0,10.6,476006eb47fe7cf9,restricted,3,,,
GRU,ICU,Sequence Only,0.331,0.5526,0.1598,0.1507,0.8148,0.2543,25.0,25.3,14d2082d80407129,restricted,4,,,
GRU,ICU,Sequence + Tabular,0.7598,0.7914,0.442,0.3242,0.6602,0.4348,34.0,37.0,14d2082d80407129,restricted,4,,,
GRU,SW,Sequence Only,0.6846,0.6953,0.6362,0.7274,0.5047,0.5959,18.0,3.6,476006eb47fe7cf9,restricted,4,,,
GRU,SW,Sequence + Tabular,0.7368,0.8078,0.8071,0.7402,0.6605,0.6981,41.0,8.7,476006eb47fe7cf9,restricted,4,,,
GRU,ICU,Sequence Only,0.3444,0.5453,0.1562,0.1514,0.7997,0.2546,33.0,33.3,14d2082d80407129,restricted,42,,,
GRU,ICU,Sequence + Tabular,0.7421,0.7921,0.4438,0.3097,0.6855,0.4266,27.0,29.6,14d2082d80407129,restricted,42,,,
GRU,SW,Sequence Only,0.685,0.6956,0.636,0.7099,0.5349,0.6101,37.0,7.3,476006eb47fe7cf9,restricted,42,,,
GRU,SW,Sequence + Tabular,0.7404,0.808,0.805,0.7441,0.6651,0.7024,40.0,8.6,476006eb47fe7cf9,restricted,42,,,
LSTM,SW,Sequence Only,0.2736,0.6039,0.0301,0.0278,0.9026,0.0539,11.0,10.7,0f50fb19f263c430,collapse,1,,,
LSTM,SW,Sequence + Tabular,0.7473,0.8401,0.1078,0.0697,0.8117,0.1283,23.0,23.6,0f50fb19f263c430,collapse,1,,,
LSTM,SW,Sequence Only,0.4269,0.6226,0.0309,0.0304,0.776,0.0584,13.0,12.9,0f50fb19f263c430,collapse,2,,,
LSTM,SW,Sequence + Tabular,0.7344,0.8424,0.1072,0.0688,0.8442,0.1272,28.0,28.7,0f50fb19f263c430,collapse,2,,,
LSTM,SW,Sequence Only,0.4412,0.6152,0.0308,0.0304,0.7565,0.0584,31.0,29.2,0f50fb19f263c430,collapse,3,,,
LSTM,SW,Sequence + Tabular,0.7242,0.8396,0.1125,0.0646,0.8182,0.1197,20.0,20.2,0f50fb19f263c430,collapse,3,,,
LSTM,SW,Sequence Only,0.3279,0.6176,0.0309,0.0289,0.8701,0.056,21.0,19.8,0f50fb19f263c430,collapse,4,,,
LSTM,SW,Sequence + Tabular,0.7284,0.8357,0.1152,0.0655,0.8182,0.1213,24.0,24.2,0f50fb19f263c430,collapse,4,,,
LSTM,SW,Sequence Only,0.4194,0.6185,0.0309,0.03,0.776,0.0577,33.0,31.0,0f50fb19f263c430,collapse,42,,,
LSTM,SW,Sequence + Tabular,0.6894,0.8389,0.1081,0.0599,0.8539,0.1119,21.0,21.2,0f50fb19f263c430,collapse,42,,,
LSTM,SW,Sequence Only,0.3882,0.5551,0.0889,0.0864,0.7232,0.1543,26.0,24.5,0f50fb19f263c430,corr,1,,,
LSTM,SW,Sequence + Tabular,0.8228,0.831,0.2677,0.2509,0.6528,0.3625,32.0,32.2,0f50fb19f263c430,corr,1,,,
LSTM,SW,Sequence Only,0.3353,0.55,0.0864,0.0836,0.7647,0.1508,13.0,12.4,0f50fb19f263c430,corr,2,,,
LSTM,SW,Sequence + Tabular,0.7739,0.8326,0.2726,0.219,0.7522,0.3393,27.0,27.3,0f50fb19f263c430,corr,2,,,
LSTM,SW,Sequence Only,0.3915,0.5555,0.0885,0.0863,0.7184,0.1541,29.0,27.7,0f50fb19f263c430,corr,3,,,
LSTM,SW,Sequence + Tabular,0.8049,0.8289,0.2653,0.2384,0.6962,0.3552,26.0,26.4,0f50fb19f263c430,corr,3,,,
LSTM,SW,Sequence Only,0.3947,0.5572,0.0893,0.0866,0.7165,0.1545,24.0,22.7,0f50fb19f263c430,corr,4,,,
LSTM,SW,Sequence + Tabular,0.785,0.8256,0.2609,0.2246,0.7281,0.3433,31.0,31.1,0f50fb19f263c430,corr,4,,,
LSTM,SW,Sequence Only,0.4041,0.5535,0.0885,0.0863,0.7011,0.1537,26.0,24.4,0f50fb19f263c430,corr,42,,,
LSTM,SW,Sequence + Tabular,0.7725,0.8342,0.2712,0.2177,0.7512,0.3376,30.0,30.0,0f50fb19f263c430,corr,42,,,
LSTM,SW,Sequence Only,0.4055,0.5614,0.1058,0.1049,0.7255,0.1832,31.0,29.1,0f50fb19f263c430,corrpacu,1,,,
LSTM,SW,Sequence + Tabular,0.8002,0.8341,0.3231,0.2758,0.7223,0.3992,32.0,32.2,0f50fb19f263c430,corrpacu,1,,,
LSTM,SW,Sequence Only,0.467,0.5637,0.1058,0.1077,0.6591,0.1852,29.0,27.1,0f50fb19f263c430,corrpacu,2,,,
LSTM,SW,Sequence + Tabular,0.8061,0.825,0.3082,0.2759,0.6834,0.3931,34.0,34.3,0f50fb19f263c430,corrpacu,2,,,
LSTM,SW,Sequence Only,0.4153,0.5622,0.1059,0.106,0.7215,0.1849,22.0,20.9,0f50fb19f263c430,corrpacu,3,,,
LSTM,SW,Sequence + Tabular,0.7991,0.8315,0.3121,0.2744,0.7215,0.3976,30.0,30.3,0f50fb19f263c430,corrpacu,3,,,
LSTM,SW,Sequence Only,0.4216,0.5611,0.1066,0.1058,0.7101,0.1841,29.0,27.4,0f50fb19f263c430,corrpacu,4,,,
LSTM,SW,Sequence + Tabular,0.7602,0.828,0.3117,0.2448,0.7717,0.3717,28.0,28.3,0f50fb19f263c430,corrpacu,4,,,
LSTM,SW,Sequence Only,0.3986,0.5607,0.1049,0.1054,0.7401,0.1845,35.0,32.7,0f50fb19f263c430,corrpacu,42,,,
LSTM,SW,Sequence + Tabular,0.7738,0.8261,0.3029,0.2521,0.7433,0.3765,27.0,27.1,0f50fb19f263c430,corrpacu,42,,,
LSTM,ICU,Sequence Only,0.3047,0.5413,0.1292,0.1274,0.8297,0.2209,32.0,39.4,6e09b6e8a1606e84,lat,1,,,
LSTM,ICU,Sequence + Tabular,0.7457,0.7863,0.3837,0.2709,0.6743,0.3865,26.0,35.1,6e09b6e8a1606e84,lat,1,,,
LSTM,SW,Sequence Only,0.9099,0.691,0.3602,0.5303,0.3731,0.4381,19.0,18.6,0f50fb19f263c430,lat,1,,,
LSTM,SW,Sequence + Tabular,0.8639,0.8935,0.6042,0.3831,0.7304,0.5026,39.0,41.5,0f50fb19f263c430,lat,1,,,
LSTM,ICU,Sequence Only,0.2992,0.54,0.1289,0.1273,0.8367,0.221,45.0,54.7,6e09b6e8a1606e84,lat,2,,,
LSTM,ICU,Sequence + Tabular,0.778,0.786,0.3853,0.2982,0.6419,0.4072,34.0,44.8,6e09b6e8a1606e84,lat,2,,,
LSTM,SW,Sequence Only,0.9111,0.692,0.3585,0.5414,0.3668,0.4373,18.0,17.4,0f50fb19f263c430,lat,2,,,
LSTM,SW,Sequence + Tabular,0.8603,0.894,0.6064,0.3755,0.7296,0.4958,32.0,33.8,0f50fb19f263c430,lat,2,,,
LSTM,ICU,Sequence Only,0.3018,0.5383,0.1274,0.1271,0.8312,0.2205,40.0,48.6,6e09b6e8a1606e84,lat,3,,,
LSTM,ICU,Sequence + Tabular,0.7771,0.787,0.3793,0.295,0.6305,0.402,25.0,33.4,6e09b6e8a1606e84,lat,3,,,
LSTM,SW,Sequence Only,0.9141,0.692,0.3564,0.5683,0.3652,0.4447,18.0,17.5,0f50fb19f263c430,lat,3,,,
LSTM,SW,Sequence + Tabular,0.8478,0.8952,0.6078,0.3568,0.7684,0.4873,28.0,29.6,0f50fb19f263c430,lat,3,,,
LSTM,ICU,Sequence Only,0.2434,0.5311,0.1267,0.1255,0.8994,0.2202,24.0,30.0,6e09b6e8a1606e84,lat,4,,,
LSTM,ICU,Sequence + Tabular,0.736,0.7856,0.3789,0.2653,0.6907,0.3833,27.0,36.9,6e09b6e8a1606e84,lat,4,,,
LSTM,SW,Sequence Only,0.9261,0.6942,0.3566,0.7267,0.3447,0.4676,15.0,14.8,0f50fb19f263c430,lat,4,,,
LSTM,SW,Sequence + Tabular,0.8466,0.8929,0.6047,0.3546,0.7676,0.4851,41.0,44.0,0f50fb19f263c430,lat,4,,,
LSTM,ICU,Sequence Only,0.2966,0.535,0.127,0.1263,0.8312,0.2192,25.0,31.0,6e09b6e8a1606e84,lat,42,,,
LSTM,ICU,Sequence + Tabular,0.7434,0.7901,0.3827,0.2703,0.6828,0.3873,38.0,51.3,6e09b6e8a1606e84,lat,42,,,
LSTM,SW,Sequence Only,0.9133,0.6961,0.3576,0.5611,0.3628,0.4407,18.0,17.7,0f50fb19f263c430,lat,42,,,
LSTM,SW,Sequence + Tabular,0.8476,0.8956,0.599,0.3553,0.7597,0.4841,24.0,25.6,0f50fb19f263c430,lat,42,,,
LSTM,ICU,Sequence Only,0.6997,0.5321,0.1612,0.1659,0.2435,0.1973,19.0,22.9,6e09b6e8a1606e84,old,1,,,
LSTM,ICU,Sequence + Tabular,0.7937,0.8103,0.528,0.3921,0.6547,0.4904,23.0,29.7,6e09b6e8a1606e84,old,1,,,
LSTM,SW,Sequence Only,0.8749,0.6464,0.3261,0.615,0.2638,0.3692,23.0,21.6,0f50fb19f263c430,old,1,,,
LSTM,SW,Sequence + Tabular,0.8515,0.8793,0.6131,0.4762,0.6965,0.5656,40.0,40.9,0f50fb19f263c430,old,1,,,
LSTM,ICU,Sequence Only,0.3082,0.5306,0.1614,0.1608,0.8447,0.2702,21.0,25.7,6e09b6e8a1606e84,old,2,,,
LSTM,ICU,Sequence + Tabular,0.769,0.8084,0.5251,0.3614,0.682,0.4724,20.0,26.3,6e09b6e8a1606e84,old,2,,,
LSTM,SW,Sequence Only,0.8705,0.6463,0.333,0.5705,0.2713,0.3677,34.0,32.1,0f50fb19f263c430,old,2,,,
LSTM,SW,Sequence + Tabular,0.8425,0.8789,0.615,0.4572,0.719,0.559,35.0,36.0,0f50fb19f263c430,old,2,,,
LSTM,ICU,Sequence Only,0.2781,0.5291,0.161,0.1578,0.867,0.267,16.0,19.2,6e09b6e8a1606e84,old,3,,,
LSTM,ICU,Sequence + Tabular,0.7635,0.8117,0.5277,0.3563,0.6933,0.4707,25.0,32.1,6e09b6e8a1606e84,old,3,,,
LSTM,SW,Sequence Only,0.8764,0.6429,0.3197,0.6346,0.2579,0.3668,12.0,11.2,0f50fb19f263c430,old,3,,,
LSTM,SW,Sequence + Tabular,0.839,0.8772,0.6135,0.4498,0.7185,0.5533,21.0,21.2,0f50fb19f263c430,old,3,,,
LSTM,ICU,Sequence Only,0.3286,0.5382,0.1647,0.1612,0.8151,0.2691,50.0,58.8,6e09b6e8a1606e84,old,4,,,
LSTM,ICU,Sequence + Tabular,0.8051,0.8092,0.5279,0.4062,0.6188,0.4905,32.0,40.9,6e09b6e8a1606e84,old,4,,,
LSTM,SW,Sequence Only,0.8756,0.646,0.3265,0.627,0.2568,0.3644,17.0,15.9,0f50fb19f263c430,old,4,,,
LSTM,SW,Sequence + Tabular,0.8313,0.8797,0.613,0.4372,0.7507,0.5526,27.0,27.3,0f50fb19f263c430,old,4,,,
LSTM,ICU,Sequence Only,0.2659,0.5206,0.159,0.1573,0.8814,0.2669,13.0,15.9,6e09b6e8a1606e84,old,42,,,
LSTM,ICU,Sequence + Tabular,0.7632,0.8077,0.5247,0.356,0.6941,0.4706,18.0,23.2,6e09b6e8a1606e84,old,42,,,
LSTM,SW,Sequence Only,0.8691,0.6487,0.3332,0.5581,0.2729,0.3666,19.0,17.7,0f50fb19f263c430,old,42,,,
LSTM,SW,Sequence + Tabular,0.8389,0.8797,0.6165,0.4508,0.7362,0.5592,31.0,31.3,0f50fb19f263c430,old,42,,,
LSTM,ICU,Sequence Only,0.3368,0.5498,0.1582,0.1507,0.8065,0.254,24.0,24.3,14d2082d80407129,restricted,1,,,
LSTM,ICU,Sequence + Tabular,0.7612,0.7855,0.4389,0.3244,0.6519,0.4332,22.0,24.0,14d2082d80407129,restricted,1,,,
LSTM,SW,Sequence Only,0.6843,0.6964,0.636,0.7137,0.5256,0.6054,20.0,4.0,476006eb47fe7cf9,restricted,1,,,
LSTM,SW,Sequence + Tabular,0.7354,0.8085,0.8067,0.7521,0.6349,0.6885,49.0,10.4,476006eb47fe7cf9,restricted,1,,,
LSTM,ICU,Sequence Only,0.3338,0.5444,0.1556,0.1509,0.8123,0.2545,38.0,38.0,14d2082d80407129,restricted,2,,,
LSTM,ICU,Sequence + Tabular,0.7717,0.7908,0.4408,0.3351,0.6412,0.4402,33.0,35.9,14d2082d80407129,restricted,2,,,
LSTM,SW,Sequence Only,0.6821,0.6892,0.6364,0.7088,0.5264,0.6041,27.0,5.4,476006eb47fe7cf9,restricted,2,,,
LSTM,SW,Sequence + Tabular,0.7364,0.8077,0.8065,0.7266,0.686,0.7057,43.0,9.1,476006eb47fe7cf9,restricted,2,,,
LSTM,ICU,Sequence Only,0.339,0.5486,0.1543,0.151,0.8051,0.2543,30.0,30.5,14d2082d80407129,restricted,3,,,
LSTM,ICU,Sequence + Tabular,0.7518,0.7872,0.4351,0.3157,0.6621,0.4276,21.0,23.1,14d2082d80407129,restricted,3,,,
LSTM,SW,Sequence Only,0.6843,0.6972,0.6337,0.7141,0.5248,0.605,23.0,4.6,476006eb47fe7cf9,restricted,3,,,
LSTM,SW,Sequence + Tabular,0.7339,0.8049,0.8021,0.7583,0.6202,0.6823,51.0,10.9,476006eb47fe7cf9,restricted,3,,,
LSTM,ICU,Sequence Only,0.3367,0.5519,0.1585,0.1512,0.8104,0.2549,30.0,30.6,14d2082d80407129,restricted,4,,,
LSTM,ICU,Sequence + Tabular,0.7526,0.787,0.438,0.3153,0.6553,0.4258,30.0,33.2,14d2082d80407129,restricted,4,,,
LSTM,SW,Sequence Only,0.685,0.6952,0.6359,0.7152,0.5256,0.6059,26.0,5.2,476006eb47fe7cf9,restricted,4,,,
LSTM,SW,Sequence + Tabular,0.7396,0.8098,0.8064,0.7339,0.6822,0.7071,51.0,10.9,476006eb47fe7cf9,restricted,4,,,
LSTM,ICU,Sequence Only,0.335,0.5458,0.1574,0.1511,0.8123,0.2549,28.0,28.4,14d2082d80407129,restricted,42,,,
LSTM,ICU,Sequence + Tabular,0.7526,0.7905,0.4427,0.3168,0.6636,0.4288,30.0,32.5,14d2082d80407129,restricted,42,,,
LSTM,SW,Sequence Only,0.685,0.6799,0.6232,0.7247,0.5101,0.5987,11.0,2.2,476006eb47fe7cf9,restricted,42,,,
LSTM,SW,Sequence + Tabular,0.7407,0.8099,0.8078,0.7474,0.6605,0.7012,37.0,7.8,476006eb47fe7cf9,restricted,42,,,
LR,SW,No Process,0.5296,0.5795,0.0273,0.0275,0.5682,0.0525,,0.114,0f50fb19f263c430,collapse,42,0.004,59.0,0.0223
RF,SW,No Process,0.977,0.5454,0.0321,0.0,0.0,0.0,,1.433,0f50fb19f263c430,collapse,42,0.047,59.0,0.0223
GB,SW,No Process,0.5707,0.5849,0.0404,0.028,0.526,0.0532,,8.356,0f50fb19f263c430,collapse,42,0.015,59.0,0.0223
KNN,SW,No Process,0.9769,0.5147,0.0238,0.0,0.0,0.0,,0.008,0f50fb19f263c430,collapse,42,2.884,59.0,0.0223
LR,SW,No Process,0.5296,0.5795,0.0273,0.0275,0.5682,0.0525,,0.116,0f50fb19f263c430,collapse,1,0.004,59.0,0.0223
RF,SW,No Process,0.977,0.5634,0.0363,0.0,0.0,0.0,,1.404,0f50fb19f263c430,collapse,1,0.046,59.0,0.0223
GB,SW,No Process,0.5707,0.5849,0.0404,0.028,0.526,0.0532,,8.38,0f50fb19f263c430,collapse,1,0.015,59.0,0.0223
KNN,SW,No Process,0.9769,0.5147,0.0238,0.0,0.0,0.0,,0.008,0f50fb19f263c430,collapse,1,1.219,59.0,0.0223
LR,SW,No Process,0.5296,0.5795,0.0273,0.0275,0.5682,0.0525,,0.111,0f50fb19f263c430,collapse,2,0.004,59.0,0.0223
RF,SW,No Process,0.977,0.5534,0.0329,0.0,0.0,0.0,,1.381,0f50fb19f263c430,collapse,2,0.047,59.0,0.0223
GB,SW,No Process,0.5707,0.5849,0.0404,0.028,0.526,0.0532,,8.383,0f50fb19f263c430,collapse,2,0.015,59.0,0.0223
KNN,SW,No Process,0.9769,0.5147,0.0238,0.0,0.0,0.0,,0.008,0f50fb19f263c430,collapse,2,1.216,59.0,0.0223
LR,SW,No Process,0.5296,0.5795,0.0273,0.0275,0.5682,0.0525,,0.111,0f50fb19f263c430,collapse,3,0.004,59.0,0.0223
RF,SW,No Process,0.977,0.5787,0.033,0.0,0.0,0.0,,1.416,0f50fb19f263c430,collapse,3,0.047,59.0,0.0223
GB,SW,No Process,0.5707,0.5849,0.0404,0.028,0.526,0.0532,,8.442,0f50fb19f263c430,collapse,3,0.015,59.0,0.0223
KNN,SW,No Process,0.9769,0.5147,0.0238,0.0,0.0,0.0,,0.009,0f50fb19f263c430,collapse,3,1.492,59.0,0.0223
LR,SW,No Process,0.5296,0.5795,0.0273,0.0275,0.5682,0.0525,,0.13,0f50fb19f263c430,collapse,4,0.004,59.0,0.0223
RF,SW,No Process,0.977,0.5655,0.0329,0.0,0.0,0.0,,1.452,0f50fb19f263c430,collapse,4,0.057,59.0,0.0223
GB,SW,No Process,0.5707,0.5849,0.0404,0.028,0.526,0.0532,,8.423,0f50fb19f263c430,collapse,4,0.016,59.0,0.0223
KNN,SW,No Process,0.9769,0.5147,0.0238,0.0,0.0,0.0,,0.008,0f50fb19f263c430,collapse,4,1.185,59.0,0.0223
LR,SW,With Process,0.7389,0.8485,0.1001,0.0717,0.8701,0.1325,,0.212,0f50fb19f263c430,collapse,42,0.005,76.0,0.0223
RF,SW,With Process,0.977,0.8762,0.1452,0.0,0.0,0.0,,1.448,0f50fb19f263c430,collapse,42,0.047,76.0,0.0223
GB,SW,With Process,0.854,0.8879,0.1604,0.1168,0.8182,0.2044,,13.485,0f50fb19f263c430,collapse,42,0.018,76.0,0.0223
KNN,SW,With Process,0.9767,0.5227,0.0244,0.0,0.0,0.0,,0.01,0f50fb19f263c430,collapse,42,1.378,76.0,0.0223
LR,SW,With Process,0.7389,0.8485,0.1001,0.0717,0.8701,0.1325,,0.205,0f50fb19f263c430,collapse,1,0.005,76.0,0.0223
RF,SW,With Process,0.977,0.8653,0.1393,0.0,0.0,0.0,,1.43,0f50fb19f263c430,collapse,1,0.047,76.0,0.0223
GB,SW,With Process,0.8539,0.8878,0.1604,0.1167,0.8182,0.2043,,13.483,0f50fb19f263c430,collapse,1,0.019,76.0,0.0223
KNN,SW,With Process,0.9767,0.5227,0.0244,0.0,0.0,0.0,,0.011,0f50fb19f263c430,collapse,1,1.314,76.0,0.0223
LR,SW,With Process,0.7389,0.8485,0.1001,0.0717,0.8701,0.1325,,0.209,0f50fb19f263c430,collapse,2,0.005,76.0,0.0223
RF,SW,With Process,0.977,0.8637,0.136,0.0,0.0,0.0,,1.477,0f50fb19f263c430,collapse,2,0.047,76.0,0.0223
GB,SW,With Process,0.8539,0.8876,0.1604,0.1167,0.8182,0.2043,,13.481,0f50fb19f263c430,collapse,2,0.018,76.0,0.0223
KNN,SW,With Process,0.9767,0.5227,0.0244,0.0,0.0,0.0,,0.009,0f50fb19f263c430,collapse,2,1.351,76.0,0.0223
LR,SW,With Process,0.7389,0.8485,0.1001,0.0717,0.8701,0.1325,,0.205,0f50fb19f263c430,collapse,3,0.005,76.0,0.0223
RF,SW,With Process,0.9771,0.8718,0.1393,0.0,0.0,0.0,,1.42,0f50fb19f263c430,collapse,3,0.036,76.0,0.0223
GB,SW,With Process,0.8539,0.8879,0.1604,0.1167,0.8182,0.2043,,13.412,0f50fb19f263c430,collapse,3,0.02,76.0,0.0223
KNN,SW,With Process,0.9767,0.5227,0.0244,0.0,0.0,0.0,,0.01,0f50fb19f263c430,collapse,3,1.364,76.0,0.0223
LR,SW,With Process,0.7389,0.8485,0.1001,0.0717,0.8701,0.1325,,0.206,0f50fb19f263c430,collapse,4,0.005,76.0,0.0223
RF,SW,With Process,0.977,0.8639,0.1409,0.0,0.0,0.0,,1.414,0f50fb19f263c430,collapse,4,0.047,76.0,0.0223
GB,SW,With Process,0.8539,0.8876,0.1604,0.1167,0.8182,0.2043,,13.444,0f50fb19f263c430,collapse,4,0.018,76.0,0.0223
KNN,SW,With Process,0.9767,0.5227,0.0244,0.0,0.0,0.0,,0.009,0f50fb19f263c430,collapse,4,1.36,76.0,0.0223
LR,SW,With BoW,0.7576,0.8374,0.1176,0.0732,0.8214,0.1345,,1.416,0f50fb19f263c430,collapse,42,0.021,344.0,0.0223
RF,SW,With BoW,0.9772,0.8719,0.1589,0.6667,0.0065,0.0129,,2.225,0f50fb19f263c430,collapse,42,0.06,344.0,0.0223
GB,SW,With BoW,0.8544,0.8925,0.1766,0.1175,0.8214,0.2055,,29.003,0f50fb19f263c430,collapse,42,0.042,344.0,0.0223
KNN,SW,With BoW,0.9768,0.5172,0.024,0.0,0.0,0.0,,0.033,0f50fb19f263c430,collapse,42,3.941,344.0,0.0223
LR,SW,With BoW,0.7576,0.8374,0.1176,0.0732,0.8214,0.1345,,1.414,0f50fb19f263c430,collapse,1,0.02,344.0,0.0223
RF,SW,With BoW,0.9771,0.8712,0.1606,0.5,0.0032,0.0065,,2.23,0f50fb19f263c430,collapse,1,0.062,344.0,0.0223
GB,SW,With BoW,0.8544,0.8925,0.1766,0.1175,0.8214,0.2055,,29.497,0f50fb19f263c430,collapse,1,0.047,344.0,0.0223
KNN,SW,With BoW,0.9768,0.5172,0.024,0.0,0.0,0.0,,0.034,0f50fb19f263c430,collapse,1,4.679,344.0,0.0223
LR,SW,With BoW,0.7576,0.8374,0.1176,0.0732,0.8214,0.1345,,1.608,0f50fb19f263c430,collapse,2,0.021,344.0,0.0223
RF,SW,With BoW,0.9769,0.8714,0.1482,0.0,0.0,0.0,,2.484,0f50fb19f263c430,collapse,2,0.07,344.0,0.0223
GB,SW,With BoW,0.8544,0.8925,0.1766,0.1175,0.8214,0.2055,,28.881,0f50fb19f263c430,collapse,2,0.042,344.0,0.0223
KNN,SW,With BoW,0.9768,0.5172,0.024,0.0,0.0,0.0,,0.034,0f50fb19f263c430,collapse,2,3.891,344.0,0.0223
LR,SW,With BoW,0.7576,0.8374,0.1176,0.0732,0.8214,0.1345,,1.422,0f50fb19f263c430,collapse,3,0.021,344.0,0.0223
RF,SW,With BoW,0.977,0.8749,0.1717,0.3333,0.0032,0.0064,,2.232,0f50fb19f263c430,collapse,3,0.059,344.0,0.0223
GB,SW,With BoW,0.8544,0.8925,0.1766,0.1175,0.8214,0.2055,,30.495,0f50fb19f263c430,collapse,3,0.041,344.0,0.0223
KNN,SW,With BoW,0.9768,0.5172,0.024,0.0,0.0,0.0,,0.033,0f50fb19f263c430,collapse,3,3.959,344.0,0.0223
LR,SW,With BoW,0.7576,0.8374,0.1176,0.0732,0.8214,0.1345,,1.404,0f50fb19f263c430,collapse,4,0.02,344.0,0.0223
RF,SW,With BoW,0.9771,0.8737,0.166,0.5,0.0032,0.0065,,2.214,0f50fb19f263c430,collapse,4,0.059,344.0,0.0223
GB,SW,With BoW,0.8544,0.8925,0.1766,0.1175,0.8214,0.2055,,29.422,0f50fb19f263c430,collapse,4,0.041,344.0,0.0223
KNN,SW,With BoW,0.9768,0.5172,0.024,0.0,0.0,0.0,,0.034,0f50fb19f263c430,collapse,4,4.217,344.0,0.0223
LR,SW,No Process,0.633,0.5961,0.1105,0.103,0.487,0.17,,0.114,0f50fb19f263c430,corr,42,0.004,59.0,0.0805
RF,SW,No Process,0.9228,0.5652,0.0934,0.0,0.0,0.0,,1.672,0f50fb19f263c430,corr,42,0.068,59.0,0.0805
GB,SW,No Process,0.6431,0.6109,0.1153,0.1106,0.5149,0.1821,,8.403,0f50fb19f263c430,corr,42,0.016,59.0,0.0805
KNN,SW,No Process,0.9196,0.5193,0.0812,0.1207,0.0068,0.0128,,0.008,0f50fb19f263c430,corr,42,2.936,59.0,0.0805
LR,SW,No Process,0.633,0.5961,0.1105,0.103,0.487,0.17,,0.162,0f50fb19f263c430,corr,1,0.005,59.0,0.0805
RF,SW,No Process,0.9228,0.5829,0.0994,0.0,0.0,0.0,,1.782,0f50fb19f263c430,corr,1,0.079,59.0,0.0805
GB,SW,No Process,0.6431,0.6109,0.1153,0.1106,0.5149,0.1821,,8.558,0f50fb19f263c430,corr,1,0.018,59.0,0.0805
KNN,SW,No Process,0.9196,0.5193,0.0812,0.1207,0.0068,0.0128,,0.008,0f50fb19f263c430,corr,1,1.191,59.0,0.0805
LR,SW,No Process,0.633,0.5961,0.1105,0.103,0.487,0.17,,0.11,0f50fb19f263c430,corr,2,0.004,59.0,0.0805
RF,SW,No Process,0.9228,0.5777,0.0979,0.0,0.0,0.0,,1.647,0f50fb19f263c430,corr,2,0.068,59.0,0.0805
GB,SW,No Process,0.6431,0.6109,0.1153,0.1106,0.5149,0.1821,,8.323,0f50fb19f263c430,corr,2,0.016,59.0,0.0805
KNN,SW,No Process,0.9196,0.5193,0.0812,0.1207,0.0068,0.0128,,0.008,0f50fb19f263c430,corr,2,1.196,59.0,0.0805
LR,SW,No Process,0.633,0.5961,0.1105,0.103,0.487,0.17,,0.113,0f50fb19f263c430,corr,3,0.004,59.0,0.0805
RF,SW,No Process,0.9228,0.5855,0.102,0.0,0.0,0.0,,1.661,0f50fb19f263c430,corr,3,0.068,59.0,0.0805
GB,SW,No Process,0.6431,0.6109,0.1153,0.1106,0.5149,0.1821,,8.365,0f50fb19f263c430,corr,3,0.016,59.0,0.0805
KNN,SW,No Process,0.9196,0.5193,0.0812,0.1207,0.0068,0.0128,,0.007,0f50fb19f263c430,corr,3,1.173,59.0,0.0805
LR,SW,No Process,0.633,0.5961,0.1105,0.103,0.487,0.17,,0.108,0f50fb19f263c430,corr,4,0.004,59.0,0.0805
RF,SW,No Process,0.9228,0.5718,0.0942,0.0,0.0,0.0,,1.651,0f50fb19f263c430,corr,4,0.068,59.0,0.0805
GB,SW,No Process,0.6431,0.6109,0.1153,0.1106,0.5149,0.1821,,8.384,0f50fb19f263c430,corr,4,0.017,59.0,0.0805
KNN,SW,No Process,0.9196,0.5193,0.0812,0.1207,0.0068,0.0128,,0.008,0f50fb19f263c430,corr,4,1.176,59.0,0.0805
LR,SW,With Process,0.7367,0.8058,0.2261,0.1955,0.7743,0.3122,,0.197,0f50fb19f263c430,corr,42,0.005,76.0,0.0805
RF,SW,With Process,0.923,0.8527,0.3131,0.5128,0.0386,0.0717,,1.855,0f50fb19f263c430,corr,42,0.057,76.0,0.0805
GB,SW,With Process,0.8047,0.8595,0.313,0.255,0.7965,0.3863,,13.805,0f50fb19f263c430,corr,42,0.021,76.0,0.0805
KNN,SW,With Process,0.9196,0.5505,0.089,0.1562,0.0096,0.0182,,0.01,0f50fb19f263c430,corr,42,1.626,76.0,0.0805
LR,SW,With Process,0.7367,0.8058,0.2261,0.1955,0.7743,0.3122,,0.193,0f50fb19f263c430,corr,1,0.005,76.0,0.0805
RF,SW,With Process,0.9227,0.8523,0.3114,0.4848,0.0309,0.058,,1.851,0f50fb19f263c430,corr,1,0.057,76.0,0.0805
GB,SW,With Process,0.8047,0.8595,0.313,0.255,0.7965,0.3863,,13.531,0f50fb19f263c430,corr,1,0.024,76.0,0.0805
KNN,SW,With Process,0.9196,0.5505,0.089,0.1562,0.0096,0.0182,,0.011,0f50fb19f263c430,corr,1,1.306,76.0,0.0805
LR,SW,With Process,0.7367,0.8058,0.2261,0.1955,0.7743,0.3122,,0.193,0f50fb19f263c430,corr,2,0.005,76.0,0.0805
RF,SW,With Process,0.9225,0.8521,0.3099,0.4744,0.0357,0.0664,,1.864,0f50fb19f263c430,corr,2,0.057,76.0,0.0805
GB,SW,With Process,0.8047,0.8595,0.313,0.255,0.7965,0.3863,,13.46,0f50fb19f263c430,corr,2,0.02,76.0,0.0805
KNN,SW,With Process,0.9196,0.5505,0.089,0.1562,0.0096,0.0182,,0.011,0f50fb19f263c430,corr,2,1.36,76.0,0.0805
LR,SW,With Process,0.7367,0.8058,0.2261,0.1955,0.7743,0.3122,,0.198,0f50fb19f263c430,corr,3,0.005,76.0,0.0805
RF,SW,With Process,0.9228,0.8512,0.3155,0.5,0.0338,0.0632,,1.912,0f50fb19f263c430,corr,3,0.068,76.0,0.0805
GB,SW,With Process,0.8047,0.8595,0.313,0.255,0.7965,0.3863,,13.433,0f50fb19f263c430,corr,3,0.02,76.0,0.0805
KNN,SW,With Process,0.9196,0.5505,0.089,0.1562,0.0096,0.0182,,0.009,0f50fb19f263c430,corr,3,1.325,76.0,0.0805
LR,SW,With Process,0.7367,0.8058,0.2261,0.1955,0.7743,0.3122,,0.195,0f50fb19f263c430,corr,4,0.005,76.0,0.0805
RF,SW,With Process,0.923,0.8503,0.3163,0.5147,0.0338,0.0633,,1.816,0f50fb19f263c430,corr,4,0.058,76.0,0.0805
GB,SW,With Process,0.8047,0.8595,0.313,0.255,0.7965,0.3863,,13.589,0f50fb19f263c430,corr,4,0.021,76.0,0.0805
KNN,SW,With Process,0.9196,0.5505,0.089,0.1562,0.0096,0.0182,,0.011,0f50fb19f263c430,corr,4,1.311,76.0,0.0805
LR,SW,With BoW,0.7505,0.8047,0.2291,0.2023,0.7589,0.3195,,1.135,0f50fb19f263c430,corr,42,0.021,344.0,0.0805
RF,SW,With BoW,0.9251,0.8453,0.3242,0.7344,0.0453,0.0854,,2.954,0f50fb19f263c430,corr,42,0.081,344.0,0.0805
GB,SW,With BoW,0.8057,0.8594,0.3201,0.255,0.7898,0.3855,,28.81,0f50fb19f263c430,corr,42,0.043,344.0,0.0805
KNN,SW,With BoW,0.9198,0.5456,0.0877,0.1404,0.0077,0.0146,,0.031,0f50fb19f263c430,corr,42,3.901,344.0,0.0805
LR,SW,With BoW,0.7505,0.8047,0.2291,0.2023,0.7589,0.3195,,1.304,0f50fb19f263c430,corr,1,0.021,344.0,0.0805
RF,SW,With BoW,0.9245,0.8479,0.3254,0.7091,0.0376,0.0714,,2.738,0f50fb19f263c430,corr,1,0.08,344.0,0.0805
GB,SW,With BoW,0.8057,0.8595,0.3201,0.255,0.7898,0.3855,,28.002,0f50fb19f263c430,corr,1,0.041,344.0,0.0805
KNN,SW,With BoW,0.9198,0.5456,0.0877,0.1404,0.0077,0.0146,,0.031,0f50fb19f263c430,corr,1,3.873,344.0,0.0805
LR,SW,With BoW,0.7505,0.8047,0.2291,0.2023,0.7589,0.3195,,1.122,0f50fb19f263c430,corr,2,0.018,344.0,0.0805
RF,SW,With BoW,0.925,0.8481,0.3284,0.7302,0.0444,0.0836,,2.55,0f50fb19f263c430,corr,2,0.08,344.0,0.0805
GB,SW,With BoW,0.8055,0.8593,0.3199,0.2548,0.7898,0.3853,,27.615,0f50fb19f263c430,corr,2,0.041,344.0,0.0805
KNN,SW,With BoW,0.9198,0.5456,0.0877,0.1404,0.0077,0.0146,,0.031,0f50fb19f263c430,corr,2,4.346,344.0,0.0805
LR,SW,With BoW,0.7505,0.8047,0.2291,0.2023,0.7589,0.3195,,1.237,0f50fb19f263c430,corr,3,0.018,344.0,0.0805
RF,SW,With BoW,0.9249,0.8496,0.3324,0.7188,0.0444,0.0836,,2.694,0f50fb19f263c430,corr,3,0.091,344.0,0.0805
GB,SW,With BoW,0.8056,0.8594,0.3201,0.2549,0.7898,0.3854,,27.785,0f50fb19f263c430,corr,3,0.041,344.0,0.0805
KNN,SW,With BoW,0.9198,0.5456,0.0877,0.1404,0.0077,0.0146,,0.031,0f50fb19f263c430,corr,3,3.844,344.0,0.0805
LR,SW,With BoW,0.7505,0.8047,0.2291,0.2023,0.7589,0.3195,,1.129,0f50fb19f263c430,corr,4,0.018,344.0,0.0805
RF,SW,With BoW,0.9247,0.8465,0.3272,0.7119,0.0405,0.0766,,2.624,0f50fb19f263c430,corr,4,0.08,344.0,0.0805
GB,SW,With BoW,0.8057,0.8593,0.3201,0.255,0.7898,0.3855,,27.993,0f50fb19f263c430,corr,4,0.042,344.0,0.0805
KNN,SW,With BoW,0.9198,0.5456,0.0877,0.1404,0.0077,0.0146,,0.031,0f50fb19f263c430,corr,4,3.893,344.0,0.0805
LR,SW,No Process,0.6356,0.6033,0.1338,0.1256,0.4972,0.2005,,0.118,0f50fb19f263c430,corrpacu,42,0.004,59.0,0.0948
RF,SW,No Process,0.908,0.5924,0.1208,0.0,0.0,0.0,,1.686,0f50fb19f263c430,corrpacu,42,0.068,59.0,0.0948
GB,SW,No Process,0.6506,0.6192,0.1403,0.1349,0.5174,0.214,,8.394,0f50fb19f263c430,corrpacu,42,0.017,59.0,0.0948
KNN,SW,No Process,0.9028,0.5193,0.0966,0.134,0.0105,0.0195,,0.009,0f50fb19f263c430,corrpacu,42,2.895,59.0,0.0948
LR,SW,No Process,0.6356,0.6033,0.1338,0.1256,0.4972,0.2005,,0.122,0f50fb19f263c430,corrpacu,1,0.004,59.0,0.0948
RF,SW,No Process,0.908,0.5913,0.1202,0.0,0.0,0.0,,1.675,0f50fb19f263c430,corrpacu,1,0.069,59.0,0.0948
GB,SW,No Process,0.6507,0.6191,0.1402,0.1349,0.5174,0.214,,9.555,0f50fb19f263c430,corrpacu,1,0.017,59.0,0.0948
KNN,SW,No Process,0.9028,0.5193,0.0966,0.134,0.0105,0.0195,,0.008,0f50fb19f263c430,corrpacu,1,1.235,59.0,0.0948
LR,SW,No Process,0.6356,0.6033,0.1338,0.1256,0.4972,0.2005,,0.117,0f50fb19f263c430,corrpacu,2,0.004,59.0,0.0948
RF,SW,No Process,0.9079,0.5852,0.1188,0.0,0.0,0.0,,1.679,0f50fb19f263c430,corrpacu,2,0.067,59.0,0.0948
GB,SW,No Process,0.6507,0.6192,0.1403,0.1349,0.5174,0.214,,8.403,0f50fb19f263c430,corrpacu,2,0.018,59.0,0.0948
KNN,SW,No Process,0.9028,0.5193,0.0966,0.134,0.0105,0.0195,,0.008,0f50fb19f263c430,corrpacu,2,1.171,59.0,0.0948
LR,SW,No Process,0.6356,0.6033,0.1338,0.1256,0.4972,0.2005,,0.124,0f50fb19f263c430,corrpacu,3,0.004,59.0,0.0948
RF,SW,No Process,0.9079,0.5922,0.1233,0.0,0.0,0.0,,1.679,0f50fb19f263c430,corrpacu,3,0.068,59.0,0.0948
GB,SW,No Process,0.6507,0.6192,0.1403,0.1349,0.5174,0.214,,8.359,0f50fb19f263c430,corrpacu,3,0.017,59.0,0.0948
KNN,SW,No Process,0.9028,0.5193,0.0966,0.134,0.0105,0.0195,,0.008,0f50fb19f263c430,corrpacu,3,1.184,59.0,0.0948
LR,SW,No Process,0.6356,0.6033,0.1338,0.1256,0.4972,0.2005,,0.116,0f50fb19f263c430,corrpacu,4,0.004,59.0,0.0948
RF,SW,No Process,0.908,0.5843,0.1182,0.0,0.0,0.0,,1.653,0f50fb19f263c430,corrpacu,4,0.067,59.0,0.0948
GB,SW,No Process,0.6507,0.6192,0.1403,0.1349,0.5174,0.214,,8.367,0f50fb19f263c430,corrpacu,4,0.016,59.0,0.0948
KNN,SW,No Process,0.9028,0.5193,0.0966,0.134,0.0105,0.0195,,0.009,0f50fb19f263c430,corrpacu,4,1.185,59.0,0.0948
LR,SW,With Process,0.736,0.8002,0.2659,0.2251,0.7668,0.348,,0.193,0f50fb19f263c430,corrpacu,42,0.005,76.0,0.0948
RF,SW,With Process,0.9092,0.8517,0.3593,0.5517,0.0648,0.1159,,1.856,0f50fb19f263c430,corrpacu,42,0.057,76.0,0.0948
GB,SW,With Process,0.8019,0.8577,0.3544,0.2887,0.7895,0.4228,,13.623,0f50fb19f263c430,corrpacu,42,0.022,76.0,0.0948
KNN,SW,With Process,0.9035,0.5576,0.1069,0.1556,0.0113,0.0211,,0.011,0f50fb19f263c430,corrpacu,42,1.649,76.0,0.0948
LR,SW,With Process,0.736,0.8002,0.2659,0.2251,0.7668,0.348,,0.214,0f50fb19f263c430,corrpacu,1,0.007,76.0,0.0948
RF,SW,With Process,0.9091,0.853,0.3601,0.5522,0.0599,0.1081,,1.951,0f50fb19f263c430,corrpacu,1,0.068,76.0,0.0948
GB,SW,With Process,0.8019,0.8577,0.3544,0.2887,0.7895,0.4228,,13.517,0f50fb19f263c430,corrpacu,1,0.022,76.0,0.0948
KNN,SW,With Process,0.9035,0.5576,0.1069,0.1556,0.0113,0.0211,,0.009,0f50fb19f263c430,corrpacu,1,1.359,76.0,0.0948
LR,SW,With Process,0.736,0.8002,0.2659,0.2251,0.7668,0.348,,0.185,0f50fb19f263c430,corrpacu,2,0.005,76.0,0.0948
RF,SW,With Process,0.9102,0.8567,0.3733,0.5897,0.0745,0.1323,,1.849,0f50fb19f263c430,corrpacu,2,0.058,76.0,0.0948
GB,SW,With Process,0.8019,0.8577,0.3544,0.2887,0.7895,0.4228,,13.562,0f50fb19f263c430,corrpacu,2,0.024,76.0,0.0948
KNN,SW,With Process,0.9035,0.5576,0.1069,0.1556,0.0113,0.0211,,0.011,0f50fb19f263c430,corrpacu,2,1.475,76.0,0.0948
LR,SW,With Process,0.736,0.8002,0.2659,0.2251,0.7668,0.348,,0.186,0f50fb19f263c430,corrpacu,3,0.005,76.0,0.0948
RF,SW,With Process,0.9085,0.8544,0.3603,0.517,0.0615,0.11,,1.931,0f50fb19f263c430,corrpacu,3,0.068,76.0,0.0948
GB,SW,With Process,0.8019,0.8577,0.3544,0.2887,0.7895,0.4228,,13.507,0f50fb19f263c430,corrpacu,3,0.021,76.0,0.0948
KNN,SW,With Process,0.9035,0.5576,0.1069,0.1556,0.0113,0.0211,,0.01,0f50fb19f263c430,corrpacu,3,1.324,76.0,0.0948
LR,SW,With Process,0.736,0.8002,0.2659,0.2251,0.7668,0.348,,0.247,0f50fb19f263c430,corrpacu,4,0.005,76.0,0.0948
RF,SW,With Process,0.9089,0.8538,0.3624,0.5374,0.064,0.1143,,1.836,0f50fb19f263c430,corrpacu,4,0.057,76.0,0.0948
GB,SW,With Process,0.8019,0.8577,0.3544,0.2887,0.7895,0.4228,,14.509,0f50fb19f263c430,corrpacu,4,0.025,76.0,0.0948
KNN,SW,With Process,0.9035,0.5576,0.1069,0.1556,0.0113,0.0211,,0.01,0f50fb19f263c430,corrpacu,4,1.554,76.0,0.0948
LR,SW,With BoW,0.7451,0.7994,0.2644,0.2303,0.7571,0.3532,,1.1,0f50fb19f263c430,corrpacu,42,0.021,344.0,0.0948
RF,SW,With BoW,0.9112,0.8451,0.3736,0.7143,0.0567,0.105,,3.579,0f50fb19f263c430,corrpacu,42,0.081,344.0,0.0948
GB,SW,With BoW,0.8022,0.8582,0.3639,0.2888,0.7879,0.4227,,30.364,0f50fb19f263c430,corrpacu,42,0.043,344.0,0.0948
KNN,SW,With BoW,0.9034,0.5593,0.1075,0.1753,0.0138,0.0255,,0.033,0f50fb19f263c430,corrpacu,42,4.033,344.0,0.0948
LR,SW,With BoW,0.7451,0.7994,0.2644,0.2303,0.7571,0.3532,,1.143,0f50fb19f263c430,corrpacu,1,0.023,344.0,0.0948
RF,SW,With BoW,0.9113,0.8489,0.3686,0.7263,0.0559,0.1038,,3.495,0f50fb19f263c430,corrpacu,1,0.081,344.0,0.0948
GB,SW,With BoW,0.8022,0.8581,0.3639,0.2888,0.7879,0.4227,,30.222,0f50fb19f263c430,corrpacu,1,0.049,344.0,0.0948
KNN,SW,With BoW,0.9034,0.5593,0.1075,0.1753,0.0138,0.0255,,0.034,0f50fb19f263c430,corrpacu,1,4.331,344.0,0.0948
LR,SW,With BoW,0.7451,0.7994,0.2644,0.2303,0.7571,0.3532,,1.151,0f50fb19f263c430,corrpacu,2,0.031,344.0,0.0948
RF,SW,With BoW,0.9111,0.848,0.3741,0.7,0.0567,0.1049,,3.429,0f50fb19f263c430,corrpacu,2,0.081,344.0,0.0948
GB,SW,With BoW,0.8021,0.858,0.3628,0.2887,0.7879,0.4226,,29.451,0f50fb19f263c430,corrpacu,2,0.046,344.0,0.0948
KNN,SW,With BoW,0.9034,0.5593,0.1075,0.1753,0.0138,0.0255,,0.033,0f50fb19f263c430,corrpacu,2,3.94,344.0,0.0948
LR,SW,With BoW,0.7451,0.7994,0.2644,0.2303,0.7571,0.3532,,0.979,0f50fb19f263c430,corrpacu,3,0.02,344.0,0.0948
RF,SW,With BoW,0.9107,0.8475,0.3708,0.6636,0.0575,0.1058,,3.046,0f50fb19f263c430,corrpacu,3,0.081,344.0,0.0948
GB,SW,With BoW,0.8022,0.8582,0.3639,0.2888,0.7879,0.4227,,29.358,0f50fb19f263c430,corrpacu,3,0.044,344.0,0.0948
KNN,SW,With BoW,0.9034,0.5593,0.1075,0.1753,0.0138,0.0255,,0.036,0f50fb19f263c430,corrpacu,3,3.896,344.0,0.0948
LR,SW,With BoW,0.7451,0.7994,0.2644,0.2303,0.7571,0.3532,,0.982,0f50fb19f263c430,corrpacu,4,0.021,344.0,0.0948
RF,SW,With BoW,0.9114,0.8501,0.3756,0.7292,0.0567,0.1052,,3.004,0f50fb19f263c430,corrpacu,4,0.08,344.0,0.0948
GB,SW,With BoW,0.8022,0.8581,0.3638,0.2888,0.7879,0.4227,,29.27,0f50fb19f263c430,corrpacu,4,0.043,344.0,0.0948
KNN,SW,With BoW,0.9034,0.5593,0.1075,0.1753,0.0138,0.0255,,0.032,0f50fb19f263c430,corrpacu,4,4.087,344.0,0.0948
LR,ICU,No Process,0.7203,0.7439,0.3254,0.2441,0.6459,0.3543,,0.154,6e09b6e8a1606e84,lat,42,0.007,59.0,0.1162
RF,ICU,No Process,0.881,0.7272,0.2873,0.4651,0.01,0.0195,,2.841,6e09b6e8a1606e84,lat,42,0.11,59.0,0.1162
GB,ICU,No Process,0.7228,0.747,0.3213,0.246,0.6459,0.3563,,12.606,6e09b6e8a1606e84,lat,42,0.027,59.0,0.1162
KNN,ICU,No Process,0.8733,0.5803,0.1532,0.2781,0.0418,0.0727,,0.013,6e09b6e8a1606e84,lat,42,3.728,59.0,0.1162
LR,ICU,No Process,0.7203,0.7439,0.3254,0.2441,0.6459,0.3543,,0.203,6e09b6e8a1606e84,lat,1,0.005,59.0,0.1162
RF,ICU,No Process,0.8808,0.725,0.2894,0.4464,0.0125,0.0242,,2.653,6e09b6e8a1606e84,lat,1,0.079,59.0,0.1162
GB,ICU,No Process,0.7228,0.747,0.3213,0.246,0.6459,0.3563,,12.286,6e09b6e8a1606e84,lat,1,0.025,59.0,0.1162
KNN,ICU,No Process,0.8733,0.5803,0.1532,0.2781,0.0418,0.0727,,0.012,6e09b6e8a1606e84,lat,1,1.93,59.0,0.1162
LR,ICU,No Process,0.7203,0.7439,0.3254,0.2441,0.6459,0.3543,,0.131,6e09b6e8a1606e84,lat,2,0.005,59.0,0.1162
RF,ICU,No Process,0.8819,0.7259,0.2943,0.6078,0.0154,0.0301,,2.824,6e09b6e8a1606e84,lat,2,0.089,59.0,0.1162
GB,ICU,No Process,0.7228,0.747,0.3213,0.246,0.6459,0.3563,,13.047,6e09b6e8a1606e84,lat,2,0.023,59.0,0.1162
KNN,ICU,No Process,0.8733,0.5803,0.1532,0.2781,0.0418,0.0727,,0.011,6e09b6e8a1606e84,lat,2,2.038,59.0,0.1162
LR,ICU,No Process,0.7203,0.7439,0.3254,0.2441,0.6459,0.3543,,0.132,6e09b6e8a1606e84,lat,3,0.006,59.0,0.1162
RF,ICU,No Process,0.8812,0.7226,0.288,0.5,0.012,0.0233,,2.433,6e09b6e8a1606e84,lat,3,0.079,59.0,0.1162
GB,ICU,No Process,0.7228,0.747,0.3213,0.246,0.6459,0.3563,,12.244,6e09b6e8a1606e84,lat,3,0.022,59.0,0.1162
KNN,ICU,No Process,0.8733,0.5803,0.1532,0.2781,0.0418,0.0727,,0.011,6e09b6e8a1606e84,lat,3,2.017,59.0,0.1162
LR,ICU,No Process,0.7203,0.7439,0.3254,0.2441,0.6459,0.3543,,0.135,6e09b6e8a1606e84,lat,4,0.005,59.0,0.1162
RF,ICU,No Process,0.8811,0.7273,0.2913,0.4808,0.0125,0.0243,,2.443,6e09b6e8a1606e84,lat,4,0.09,59.0,0.1162
GB,ICU,No Process,0.7228,0.747,0.3213,0.246,0.6459,0.3563,,12.65,6e09b6e8a1606e84,lat,4,0.024,59.0,0.1162
KNN,ICU,No Process,0.8733,0.5803,0.1532,0.2781,0.0418,0.0727,,0.011,6e09b6e8a1606e84,lat,4,2.015,59.0,0.1162
LR,ICU,With Process,0.7503,0.7792,0.384,0.2736,0.6658,0.3878,,0.192,6e09b6e8a1606e84,lat,42,0.006,76.0,0.1162
RF,ICU,With Process,0.8823,0.8022,0.3736,0.6,0.0269,0.0515,,3.281,6e09b6e8a1606e84,lat,42,0.101,76.0,0.1162
GB,ICU,With Process,0.7538,0.8167,0.4047,0.2885,0.7316,0.4138,,18.409,6e09b6e8a1606e84,lat,42,0.03,76.0,0.1162
KNN,ICU,With Process,0.878,0.5903,0.1589,0.3789,0.0428,0.077,,0.015,6e09b6e8a1606e84,lat,42,2.198,76.0,0.1162
LR,ICU,With Process,0.7503,0.7792,0.384,0.2736,0.6658,0.3878,,0.189,6e09b6e8a1606e84,lat,1,0.006,76.0,0.1162
RF,ICU,With Process,0.882,0.8032,0.3673,0.5921,0.0224,0.0432,,2.827,6e09b6e8a1606e84,lat,1,0.09,76.0,0.1162
GB,ICU,With Process,0.7538,0.8167,0.4046,0.2885,0.7316,0.4138,,18.269,6e09b6e8a1606e84,lat,1,0.028,76.0,0.1162
KNN,ICU,With Process,0.878,0.5903,0.1589,0.3789,0.0428,0.077,,0.015,6e09b6e8a1606e84,lat,1,2.13,76.0,0.1162
LR,ICU,With Process,0.7503,0.7792,0.384,0.2736,0.6658,0.3878,,0.203,6e09b6e8a1606e84,lat,2,0.006,76.0,0.1162
RF,ICU,With Process,0.8823,0.8033,0.3756,0.6118,0.0259,0.0497,,2.793,6e09b6e8a1606e84,lat,2,0.083,76.0,0.1162
GB,ICU,With Process,0.7538,0.8167,0.4046,0.2885,0.7316,0.4138,,18.149,6e09b6e8a1606e84,lat,2,0.029,76.0,0.1162
KNN,ICU,With Process,0.878,0.5903,0.1589,0.3789,0.0428,0.077,,0.016,6e09b6e8a1606e84,lat,2,2.174,76.0,0.1162
LR,ICU,With Process,0.7503,0.7792,0.384,0.2736,0.6658,0.3878,,0.195,6e09b6e8a1606e84,lat,3,0.006,76.0,0.1162
RF,ICU,With Process,0.8823,0.8014,0.3696,0.6023,0.0264,0.0506,,2.907,6e09b6e8a1606e84,lat,3,0.09,76.0,0.1162
GB,ICU,With Process,0.7538,0.8167,0.4047,0.2885,0.7316,0.4138,,18.408,6e09b6e8a1606e84,lat,3,0.029,76.0,0.1162
KNN,ICU,With Process,0.878,0.5903,0.1589,0.3789,0.0428,0.077,,0.016,6e09b6e8a1606e84,lat,3,2.15,76.0,0.1162
LR,ICU,With Process,0.7503,0.7792,0.384,0.2736,0.6658,0.3878,,0.189,6e09b6e8a1606e84,lat,4,0.006,76.0,0.1162
RF,ICU,With Process,0.8819,0.8019,0.3719,0.5682,0.0249,0.0477,,2.792,6e09b6e8a1606e84,lat,4,0.079,76.0,0.1162
GB,ICU,With Process,0.7538,0.8167,0.4046,0.2885,0.7316,0.4138,,18.279,6e09b6e8a1606e84,lat,4,0.028,76.0,0.1162
KNN,ICU,With Process,0.878,0.5903,0.1589,0.3789,0.0428,0.077,,0.016,6e09b6e8a1606e84,lat,4,2.125,76.0,0.1162
LR,ICU,With BoW,0.7568,0.7758,0.384,0.2793,0.6628,0.393,,1.556,6e09b6e8a1606e84,lat,42,0.026,356.0,0.1162
RF,ICU,With BoW,0.8815,0.7978,0.3519,0.6087,0.007,0.0138,,4.745,6e09b6e8a1606e84,lat,42,0.134,356.0,0.1162
GB,ICU,With BoW,0.7509,0.8169,0.4058,0.2863,0.7346,0.412,,40.629,6e09b6e8a1606e84,lat,42,0.059,356.0,0.1162
KNN,ICU,With BoW,0.8762,0.5799,0.1507,0.3077,0.0339,0.061,,0.059,6e09b6e8a1606e84,lat,42,6.5,356.0,0.1162
LR,ICU,With BoW,0.7568,0.7758,0.384,0.2793,0.6628,0.393,,1.551,6e09b6e8a1606e84,lat,1,0.027,356.0,0.1162
RF,ICU,With BoW,0.8813,0.7912,0.352,0.5333,0.004,0.0079,,4.796,6e09b6e8a1606e84,lat,1,0.123,356.0,0.1162
GB,ICU,With BoW,0.7509,0.8169,0.4058,0.2863,0.7346,0.412,,40.311,6e09b6e8a1606e84,lat,1,0.062,356.0,0.1162
KNN,ICU,With BoW,0.8762,0.5799,0.1507,0.3077,0.0339,0.061,,0.061,6e09b6e8a1606e84,lat,1,6.615,356.0,0.1162
LR,ICU,With BoW,0.7568,0.7758,0.384,0.2793,0.6628,0.393,,1.633,6e09b6e8a1606e84,lat,2,0.03,356.0,0.1162
RF,ICU,With BoW,0.8817,0.7934,0.3553,0.6538,0.0085,0.0167,,5.223,6e09b6e8a1606e84,lat,2,0.126,356.0,0.1162
GB,ICU,With BoW,0.7509,0.8169,0.4058,0.2863,0.7346,0.412,,40.612,6e09b6e8a1606e84,lat,2,0.074,356.0,0.1162
KNN,ICU,With BoW,0.8762,0.5799,0.1507,0.3077,0.0339,0.061,,0.062,6e09b6e8a1606e84,lat,2,6.75,356.0,0.1162
LR,ICU,With BoW,0.7568,0.7758,0.384,0.2793,0.6628,0.393,,1.825,6e09b6e8a1606e84,lat,3,0.033,356.0,0.1162
RF,ICU,With BoW,0.8814,0.7954,0.3622,0.6,0.006,0.0118,,5.126,6e09b6e8a1606e84,lat,3,0.136,356.0,0.1162
GB,ICU,With BoW,0.7509,0.8169,0.4058,0.2863,0.7346,0.412,,42.282,6e09b6e8a1606e84,lat,3,0.061,356.0,0.1162
KNN,ICU,With BoW,0.8762,0.5799,0.1507,0.3077,0.0339,0.061,,0.063,6e09b6e8a1606e84,lat,3,8.504,356.0,0.1162
LR,ICU,With BoW,0.7568,0.7758,0.384,0.2793,0.6628,0.393,,2.21,6e09b6e8a1606e84,lat,4,0.035,356.0,0.1162
RF,ICU,With BoW,0.8813,0.7928,0.3571,0.5333,0.004,0.0079,,5.597,6e09b6e8a1606e84,lat,4,0.135,356.0,0.1162
GB,ICU,With BoW,0.7509,0.8169,0.4058,0.2863,0.7346,0.412,,43.129,6e09b6e8a1606e84,lat,4,0.082,356.0,0.1162
KNN,ICU,With BoW,0.8762,0.5799,0.1507,0.3077,0.0339,0.061,,0.06,6e09b6e8a1606e84,lat,4,7.862,356.0,0.1162
LR,SW,No Process,0.7783,0.7634,0.2705,0.24,0.6253,0.3469,,0.118,0f50fb19f263c430,lat,42,0.004,59.0,0.0953
RF,SW,No Process,0.9079,0.7525,0.3225,0.5745,0.0854,0.1487,,1.792,0f50fb19f263c430,lat,42,0.102,59.0,0.0953
GB,SW,No Process,0.7831,0.7704,0.3076,0.2484,0.6435,0.3584,,9.116,0f50fb19f263c430,lat,42,0.017,59.0,0.0953
KNN,SW,No Process,0.8993,0.6408,0.1687,0.365,0.0941,0.1496,,0.008,0f50fb19f263c430,lat,42,1.245,59.0,0.0953
LR,SW,No Process,0.7783,0.7634,0.2705,0.24,0.6253,0.3469,,0.119,0f50fb19f263c430,lat,1,0.005,59.0,0.0953
RF,SW,No Process,0.9076,0.7559,0.3196,0.5642,0.0798,0.1399,,1.875,0f50fb19f263c430,lat,1,0.074,59.0,0.0953
GB,SW,No Process,0.7832,0.7705,0.3077,0.2486,0.6443,0.3588,,9.373,0f50fb19f263c430,lat,1,0.02,59.0,0.0953
KNN,SW,No Process,0.8993,0.6408,0.1687,0.365,0.0941,0.1496,,0.008,0f50fb19f263c430,lat,1,1.34,59.0,0.0953
LR,SW,No Process,0.7783,0.7634,0.2705,0.24,0.6253,0.3469,,0.123,0f50fb19f263c430,lat,2,0.004,59.0,0.0953
RF,SW,No Process,0.9068,0.7525,0.3153,0.5337,0.0751,0.1317,,1.844,0f50fb19f263c430,lat,2,0.142,59.0,0.0953
GB,SW,No Process,0.7831,0.7704,0.3077,0.2484,0.6435,0.3584,,8.863,0f50fb19f263c430,lat,2,0.017,59.0,0.0953
KNN,SW,No Process,0.8993,0.6408,0.1687,0.365,0.0941,0.1496,,0.008,0f50fb19f263c430,lat,2,1.238,59.0,0.0953
LR,SW,No Process,0.7783,0.7634,0.2705,0.24,0.6253,0.3469,,0.111,0f50fb19f263c430,lat,3,0.004,59.0,0.0953
RF,SW,No Process,0.907,0.7507,0.3152,0.544,0.0783,0.1368,,1.833,0f50fb19f263c430,lat,3,0.07,59.0,0.0953
GB,SW,No Process,0.7831,0.7705,0.3077,0.2486,0.6443,0.3587,,9.237,0f50fb19f263c430,lat,3,0.018,59.0,0.0953
KNN,SW,No Process,0.8993,0.6408,0.1687,0.365,0.0941,0.1496,,0.008,0f50fb19f263c430,lat,3,1.324,59.0,0.0953
LR,SW,No Process,0.7783,0.7634,0.2705,0.24,0.6253,0.3469,,0.124,0f50fb19f263c430,lat,4,0.004,59.0,0.0953
RF,SW,No Process,0.9077,0.7583,0.3252,0.5676,0.083,0.1448,,1.864,0f50fb19f263c430,lat,4,0.069,59.0,0.0953
GB,SW,No Process,0.7831,0.7705,0.3077,0.2484,0.6435,0.3584,,9.437,0f50fb19f263c430,lat,4,0.019,59.0,0.0953
KNN,SW,No Process,0.8993,0.6408,0.1687,0.365,0.0941,0.1496,,0.009,0f50fb19f263c430,lat,4,1.257,59.0,0.0953
LR,SW,With Process,0.8392,0.8781,0.4793,0.3398,0.751,0.4679,,0.2,0f50fb19f263c430,lat,42,0.005,76.0,0.0953
RF,SW,With Process,0.9318,0.9143,0.6338,0.8753,0.3217,0.4705,,2.0,0f50fb19f263c430,lat,42,0.058,76.0,0.0953
GB,SW,With Process,0.8082,0.9167,0.6333,0.3163,0.8933,0.4672,,14.277,0f50fb19f263c430,lat,42,0.021,76.0,0.0953
KNN,SW,With Process,0.9176,0.6967,0.3207,0.6771,0.2387,0.353,,0.01,0f50fb19f263c430,lat,42,1.346,76.0,0.0953
LR,SW,With Process,0.8392,0.8781,0.4793,0.3398,0.751,0.4679,,0.196,0f50fb19f263c430,lat,1,0.005,76.0,0.0953
RF,SW,With Process,0.9318,0.9117,0.6357,0.8734,0.3217,0.4702,,1.818,0f50fb19f263c430,lat,1,0.057,76.0,0.0953
GB,SW,With Process,0.8082,0.9167,0.6334,0.3163,0.8933,0.4672,,15.029,0f50fb19f263c430,lat,1,0.021,76.0,0.0953
KNN,SW,With Process,0.9176,0.6967,0.3207,0.6771,0.2387,0.353,,0.012,0f50fb19f263c430,lat,1,1.483,76.0,0.0953
LR,SW,With Process,0.8392,0.8781,0.4793,0.3398,0.751,0.4679,,0.206,0f50fb19f263c430,lat,2,0.005,76.0,0.0953
RF,SW,With Process,0.9322,0.9121,0.6318,0.8848,0.3217,0.4719,,1.915,0f50fb19f263c430,lat,2,0.058,76.0,0.0953
GB,SW,With Process,0.8082,0.9167,0.6332,0.3163,0.8933,0.4672,,13.887,0f50fb19f263c430,lat,2,0.02,76.0,0.0953
KNN,SW,With Process,0.9176,0.6967,0.3207,0.6771,0.2387,0.353,,0.01,0f50fb19f263c430,lat,2,1.374,76.0,0.0953
LR,SW,With Process,0.8392,0.8781,0.4793,0.3398,0.751,0.4679,,0.198,0f50fb19f263c430,lat,3,0.005,76.0,0.0953
RF,SW,With Process,0.9326,0.9095,0.6304,0.8811,0.3281,0.4781,,1.812,0f50fb19f263c430,lat,3,0.059,76.0,0.0953
GB,SW,With Process,0.8082,0.9167,0.6335,0.3163,0.8933,0.4672,,14.143,0f50fb19f263c430,lat,3,0.021,76.0,0.0953
KNN,SW,With Process,0.9176,0.6967,0.3207,0.6771,0.2387,0.353,,0.01,0f50fb19f263c430,lat,3,1.398,76.0,0.0953
LR,SW,With Process,0.8392,0.8781,0.4793,0.3398,0.751,0.4679,,0.257,0f50fb19f263c430,lat,4,0.007,76.0,0.0953
RF,SW,With Process,0.9319,0.9129,0.6343,0.8723,0.3241,0.4726,,1.955,0f50fb19f263c430,lat,4,0.06,76.0,0.0953
GB,SW,With Process,0.8082,0.9167,0.6335,0.3163,0.8933,0.4672,,15.179,0f50fb19f263c430,lat,4,0.023,76.0,0.0953
KNN,SW,With Process,0.9176,0.6967,0.3207,0.6771,0.2387,0.353,,0.013,0f50fb19f263c430,lat,4,2.021,76.0,0.0953
LR,SW,With BoW,0.8564,0.8839,0.5299,0.3688,0.7375,0.4917,,1.538,0f50fb19f263c430,lat,42,0.022,344.0,0.0953
RF,SW,With BoW,0.9307,0.9068,0.62,0.8436,0.3241,0.4683,,3.325,0f50fb19f263c430,lat,42,0.102,344.0,0.0953
GB,SW,With BoW,0.8107,0.9157,0.6303,0.3186,0.887,0.4688,,30.932,0f50fb19f263c430,lat,42,0.053,344.0,0.0953
KNN,SW,With BoW,0.9265,0.7077,0.3843,0.7532,0.3257,0.4547,,0.036,0f50fb19f263c430,lat,42,5.023,344.0,0.0953
LR,SW,With BoW,0.8564,0.8839,0.5299,0.3688,0.7375,0.4917,,1.522,0f50fb19f263c430,lat,1,0.022,344.0,0.0953
RF,SW,With BoW,0.9315,0.9073,0.6199,0.8525,0.3289,0.4746,,3.757,0f50fb19f263c430,lat,1,0.093,344.0,0.0953
GB,SW,With BoW,0.8107,0.9157,0.6301,0.3186,0.887,0.4688,,31.413,0f50fb19f263c430,lat,1,0.057,344.0,0.0953
KNN,SW,With BoW,0.9265,0.7077,0.3843,0.7532,0.3257,0.4547,,0.035,0f50fb19f263c430,lat,1,5.862,344.0,0.0953
LR,SW,With BoW,0.8564,0.8839,0.5299,0.3688,0.7375,0.4917,,1.449,0f50fb19f263c430,lat,2,0.022,344.0,0.0953
RF,SW,With BoW,0.9306,0.9076,0.622,0.8364,0.3273,0.4705,,3.503,0f50fb19f263c430,lat,2,0.082,344.0,0.0953
GB,SW,With BoW,0.8107,0.9156,0.6302,0.3186,0.887,0.4688,,30.996,0f50fb19f263c430,lat,2,0.051,344.0,0.0953
KNN,SW,With BoW,0.9265,0.7077,0.3843,0.7532,0.3257,0.4547,,0.035,0f50fb19f263c430,lat,2,4.751,344.0,0.0953
LR,SW,With BoW,0.8564,0.8839,0.5299,0.3688,0.7375,0.4917,,1.834,0f50fb19f263c430,lat,3,0.023,344.0,0.0953
RF,SW,With BoW,0.9308,0.9072,0.6198,0.8411,0.3265,0.4704,,3.497,0f50fb19f263c430,lat,3,0.092,344.0,0.0953
GB,SW,With BoW,0.8107,0.9157,0.6302,0.3186,0.887,0.4688,,31.362,0f50fb19f263c430,lat,3,0.043,344.0,0.0953
KNN,SW,With BoW,0.9265,0.7077,0.3843,0.7532,0.3257,0.4547,,0.036,0f50fb19f263c430,lat,3,4.62,344.0,0.0953
LR,SW,With BoW,0.8564,0.8839,0.5299,0.3688,0.7375,0.4917,,1.511,0f50fb19f263c430,lat,4,0.024,344.0,0.0953
RF,SW,With BoW,0.9309,0.9082,0.6236,0.85,0.3225,0.4676,,3.601,0f50fb19f263c430,lat,4,0.093,344.0,0.0953
GB,SW,With BoW,0.8107,0.9156,0.6301,0.3186,0.887,0.4688,,31.097,0f50fb19f263c430,lat,4,0.05,344.0,0.0953
KNN,SW,With BoW,0.9265,0.7077,0.3843,0.7532,0.3257,0.4547,,0.034,0f50fb19f263c430,lat,4,4.866,344.0,0.0953
LR,ICU,No Process,0.7244,0.7504,0.4162,0.3071,0.6512,0.4174,,0.16,6e09b6e8a1606e84,old,42,0.005,59.0,0.149
RF,ICU,No Process,0.8538,0.7338,0.3806,0.6729,0.0698,0.1265,,3.004,6e09b6e8a1606e84,old,42,0.144,59.0,0.149
GB,ICU,No Process,0.7288,0.7523,0.4168,0.3098,0.6422,0.418,,12.799,6e09b6e8a1606e84,old,42,0.025,59.0,0.149
KNN,ICU,No Process,0.839,0.5895,0.2008,0.3542,0.0749,0.1237,,0.013,6e09b6e8a1606e84,old,42,3.877,59.0,0.149
LR,ICU,No Process,0.7244,0.7504,0.4162,0.3071,0.6512,0.4174,,0.158,6e09b6e8a1606e84,old,1,0.005,59.0,0.149
RF,ICU,No Process,0.8537,0.7377,0.3857,0.6667,0.0702,0.1271,,3.01,6e09b6e8a1606e84,old,1,0.122,59.0,0.149
GB,ICU,No Process,0.7289,0.7523,0.4167,0.3099,0.6422,0.418,,12.697,6e09b6e8a1606e84,old,1,0.024,59.0,0.149
KNN,ICU,No Process,0.839,0.5895,0.2008,0.3542,0.0749,0.1237,,0.012,6e09b6e8a1606e84,old,1,2.058,59.0,0.149
LR,ICU,No Process,0.7244,0.7504,0.4162,0.3071,0.6512,0.4174,,0.144,6e09b6e8a1606e84,old,2,0.005,59.0,0.149
RF,ICU,No Process,0.8533,0.7336,0.3788,0.6566,0.0679,0.1231,,2.685,6e09b6e8a1606e84,old,2,0.1,59.0,0.149
GB,ICU,No Process,0.7289,0.7523,0.4166,0.3099,0.6422,0.418,,12.302,6e09b6e8a1606e84,old,2,0.026,59.0,0.149
KNN,ICU,No Process,0.839,0.5895,0.2008,0.3542,0.0749,0.1237,,0.011,6e09b6e8a1606e84,old,2,2.121,59.0,0.149
LR,ICU,No Process,0.7244,0.7504,0.4162,0.3071,0.6512,0.4174,,0.152,6e09b6e8a1606e84,old,3,0.005,59.0,0.149
RF,ICU,No Process,0.8522,0.7341,0.3804,0.6143,0.0671,0.121,,2.667,6e09b6e8a1606e84,old,3,0.099,59.0,0.149
GB,ICU,No Process,0.7289,0.7523,0.4166,0.3099,0.6422,0.418,,13.383,6e09b6e8a1606e84,old,3,0.024,59.0,0.149
KNN,ICU,No Process,0.839,0.5895,0.2008,0.3542,0.0749,0.1237,,0.012,6e09b6e8a1606e84,old,3,2.604,59.0,0.149
LR,ICU,No Process,0.7244,0.7504,0.4162,0.3071,0.6512,0.4174,,0.159,6e09b6e8a1606e84,old,4,0.005,59.0,0.149
RF,ICU,No Process,0.8537,0.7388,0.3862,0.6679,0.0698,0.1265,,2.792,6e09b6e8a1606e84,old,4,0.1,59.0,0.149
GB,ICU,No Process,0.7288,0.7523,0.4167,0.3098,0.6422,0.418,,12.629,6e09b6e8a1606e84,old,4,0.025,59.0,0.149
KNN,ICU,No Process,0.839,0.5895,0.2008,0.3542,0.0749,0.1237,,0.011,6e09b6e8a1606e84,old,4,2.244,59.0,0.149
LR,ICU,With Process,0.7583,0.7926,0.5149,0.3476,0.6769,0.4593,,0.183,6e09b6e8a1606e84,old,42,0.01,76.0,0.149
RF,ICU,With Process,0.8628,0.8291,0.5053,0.7075,0.1623,0.264,,3.21,6e09b6e8a1606e84,old,42,0.134,76.0,0.149
GB,ICU,With Process,0.7852,0.8424,0.548,0.3908,0.7452,0.5128,,19.401,6e09b6e8a1606e84,old,42,0.029,76.0,0.149
KNN,ICU,With Process,0.8436,0.6004,0.211,0.4102,0.0722,0.1228,,0.015,6e09b6e8a1606e84,old,42,2.31,76.0,0.149
LR,ICU,With Process,0.7583,0.7926,0.5149,0.3476,0.6769,0.4593,,0.231,6e09b6e8a1606e84,old,1,0.007,76.0,0.149
RF,ICU,With Process,0.8627,0.8279,0.5069,0.7101,0.1596,0.2606,,3.006,6e09b6e8a1606e84,old,1,0.089,76.0,0.149
GB,ICU,With Process,0.7852,0.8424,0.5481,0.3908,0.7452,0.5128,,18.318,6e09b6e8a1606e84,old,1,0.033,76.0,0.149
KNN,ICU,With Process,0.8436,0.6004,0.211,0.4102,0.0722,0.1228,,0.015,6e09b6e8a1606e84,old,1,2.211,76.0,0.149
LR,ICU,With Process,0.7583,0.7926,0.5149,0.3476,0.6769,0.4593,,0.174,6e09b6e8a1606e84,old,2,0.006,76.0,0.149
RF,ICU,With Process,0.8632,0.8312,0.5095,0.7163,0.1615,0.2636,,2.932,6e09b6e8a1606e84,old,2,0.089,76.0,0.149
GB,ICU,With Process,0.7852,0.8424,0.548,0.3908,0.7452,0.5128,,18.28,6e09b6e8a1606e84,old,2,0.027,76.0,0.149
KNN,ICU,With Process,0.8436,0.6004,0.211,0.4102,0.0722,0.1228,,0.015,6e09b6e8a1606e84,old,2,2.221,76.0,0.149
LR,ICU,With Process,0.7583,0.7926,0.5149,0.3476,0.6769,0.4593,,0.182,6e09b6e8a1606e84,old,3,0.006,76.0,0.149
RF,ICU,With Process,0.8613,0.8274,0.5001,0.6938,0.1529,0.2506,,2.929,6e09b6e8a1606e84,old,3,0.09,76.0,0.149
GB,ICU,With Process,0.7852,0.8424,0.5481,0.3908,0.7452,0.5128,,18.832,6e09b6e8a1606e84,old,3,0.027,76.0,0.149
KNN,ICU,With Process,0.8436,0.6004,0.211,0.4102,0.0722,0.1228,,0.017,6e09b6e8a1606e84,old,3,2.291,76.0,0.149
LR,ICU,With Process,0.7583,0.7926,0.5149,0.3476,0.6769,0.4593,,0.182,6e09b6e8a1606e84,old,4,0.007,76.0,0.149
RF,ICU,With Process,0.8623,0.8287,0.5069,0.7063,0.1576,0.2577,,3.354,6e09b6e8a1606e84,old,4,0.112,76.0,0.149
GB,ICU,With Process,0.7852,0.8424,0.5481,0.3908,0.7452,0.5128,,19.777,6e09b6e8a1606e84,old,4,0.036,76.0,0.149
KNN,ICU,With Process,0.8436,0.6004,0.211,0.4102,0.0722,0.1228,,0.017,6e09b6e8a1606e84,old,4,2.643,76.0,0.149
LR,ICU,With BoW,0.7666,0.7909,0.5166,0.3573,0.6754,0.4673,,1.236,6e09b6e8a1606e84,old,42,0.03,356.0,0.149
RF,ICU,With BoW,0.8561,0.8179,0.4739,0.7134,0.0854,0.1526,,5.266,6e09b6e8a1606e84,old,42,0.114,356.0,0.149
GB,ICU,With BoW,0.7848,0.8419,0.5465,0.3905,0.7468,0.5128,,44.99,6e09b6e8a1606e84,old,42,0.058,356.0,0.149
KNN,ICU,With BoW,0.8416,0.5881,0.1995,0.3634,0.0597,0.1025,,0.058,6e09b6e8a1606e84,old,42,6.94,356.0,0.149
LR,ICU,With BoW,0.7666,0.7909,0.5166,0.3573,0.6754,0.4673,,1.215,6e09b6e8a1606e84,old,1,0.027,356.0,0.149
RF,ICU,With BoW,0.8572,0.8202,0.49,0.738,0.0901,0.1606,,5.539,6e09b6e8a1606e84,old,1,0.182,356.0,0.149
GB,ICU,With BoW,0.7848,0.8419,0.5465,0.3905,0.7468,0.5128,,42.122,6e09b6e8a1606e84,old,1,0.063,356.0,0.149
KNN,ICU,With BoW,0.8416,0.5881,0.1995,0.3634,0.0597,0.1025,,0.061,6e09b6e8a1606e84,old,1,6.895,356.0,0.149
LR,ICU,With BoW,0.7666,0.7909,0.5166,0.3573,0.6754,0.4673,,1.07,6e09b6e8a1606e84,old,2,0.027,356.0,0.149
RF,ICU,With BoW,0.8574,0.8218,0.4817,0.727,0.0956,0.169,,4.961,6e09b6e8a1606e84,old,2,0.148,356.0,0.149
GB,ICU,With BoW,0.7848,0.8419,0.5465,0.3905,0.7468,0.5128,,40.376,6e09b6e8a1606e84,old,2,0.058,356.0,0.149
KNN,ICU,With BoW,0.8416,0.5881,0.1995,0.3634,0.0597,0.1025,,0.06,6e09b6e8a1606e84,old,2,6.553,356.0,0.149
LR,ICU,With BoW,0.7666,0.7909,0.5166,0.3573,0.6754,0.4673,,1.057,6e09b6e8a1606e84,old,3,0.026,356.0,0.149
RF,ICU,With BoW,0.8565,0.8198,0.4774,0.7331,0.0847,0.1518,,4.767,6e09b6e8a1606e84,old,3,0.112,356.0,0.149
GB,ICU,With BoW,0.7848,0.8419,0.5465,0.3905,0.7468,0.5128,,44.289,6e09b6e8a1606e84,old,3,0.175,356.0,0.149
KNN,ICU,With BoW,0.8416,0.5881,0.1995,0.3634,0.0597,0.1025,,0.112,6e09b6e8a1606e84,old,3,8.079,356.0,0.149
LR,ICU,With BoW,0.7666,0.7909,0.5166,0.3573,0.6754,0.4673,,1.097,6e09b6e8a1606e84,old,4,0.028,356.0,0.149
RF,ICU,With BoW,0.8555,0.8226,0.4846,0.7055,0.0804,0.1443,,5.238,6e09b6e8a1606e84,old,4,0.173,356.0,0.149
GB,ICU,With BoW,0.7848,0.8419,0.5465,0.3905,0.7468,0.5128,,44.139,6e09b6e8a1606e84,old,4,0.062,356.0,0.149
KNN,ICU,With BoW,0.8416,0.5881,0.1995,0.3634,0.0597,0.1025,,0.059,6e09b6e8a1606e84,old,4,7.283,356.0,0.149
LR,SW,No Process,0.735,0.7064,0.293,0.278,0.5694,0.3736,,0.136,0f50fb19f263c430,old,42,0.004,59.0,0.1429
RF,SW,No Process,0.8636,0.6984,0.324,0.5611,0.0788,0.1382,,1.965,0f50fb19f263c430,old,42,0.078,59.0,0.1429
GB,SW,No Process,0.7311,0.7134,0.323,0.275,0.5727,0.3715,,8.935,0f50fb19f263c430,old,42,0.018,59.0,0.1429
KNN,SW,No Process,0.8494,0.5985,0.194,0.3508,0.1003,0.156,,0.009,0f50fb19f263c430,old,42,1.43,59.0,0.1429
LR,SW,No Process,0.735,0.7064,0.293,0.278,0.5694,0.3736,,0.129,0f50fb19f263c430,old,1,0.004,59.0,0.1429
RF,SW,No Process,0.8626,0.6969,0.3211,0.5353,0.0772,0.135,,2.188,0f50fb19f263c430,old,1,0.09,59.0,0.1429
GB,SW,No Process,0.7312,0.7134,0.3229,0.275,0.5727,0.3716,,8.968,0f50fb19f263c430,old,1,0.018,59.0,0.1429
KNN,SW,No Process,0.8494,0.5985,0.194,0.3508,0.1003,0.156,,0.008,0f50fb19f263c430,old,1,1.33,59.0,0.1429
LR,SW,No Process,0.735,0.7064,0.293,0.278,0.5694,0.3736,,0.123,0f50fb19f263c430,old,2,0.005,59.0,0.1429
RF,SW,No Process,0.8637,0.6954,0.3211,0.5714,0.0729,0.1293,,1.949,0f50fb19f263c430,old,2,0.08,59.0,0.1429
GB,SW,No Process,0.7312,0.7134,0.3229,0.275,0.5727,0.3716,,8.738,0f50fb19f263c430,old,2,0.018,59.0,0.1429
KNN,SW,No Process,0.8494,0.5985,0.194,0.3508,0.1003,0.156,,0.008,0f50fb19f263c430,old,2,1.346,59.0,0.1429
LR,SW,No Process,0.735,0.7064,0.293,0.278,0.5694,0.3736,,0.138,0f50fb19f263c430,old,3,0.004,59.0,0.1429
RF,SW,No Process,0.8641,0.6965,0.3209,0.5777,0.0777,0.1371,,2.131,0f50fb19f263c430,old,3,0.09,59.0,0.1429
GB,SW,No Process,0.7312,0.7134,0.3229,0.275,0.5727,0.3716,,8.804,0f50fb19f263c430,old,3,0.017,59.0,0.1429
KNN,SW,No Process,0.8494,0.5985,0.194,0.3508,0.1003,0.156,,0.009,0f50fb19f263c430,old,3,1.498,59.0,0.1429
LR,SW,No Process,0.735,0.7064,0.293,0.278,0.5694,0.3736,,0.121,0f50fb19f263c430,old,4,0.004,59.0,0.1429
RF,SW,No Process,0.8634,0.6978,0.3242,0.5597,0.0729,0.129,,2.134,0f50fb19f263c430,old,4,0.079,59.0,0.1429
GB,SW,No Process,0.7311,0.7134,0.323,0.275,0.5727,0.3715,,8.921,0f50fb19f263c430,old,4,0.018,59.0,0.1429
KNN,SW,No Process,0.8494,0.5985,0.194,0.3508,0.1003,0.156,,0.008,0f50fb19f263c430,old,4,1.308,59.0,0.1429
LR,SW,With Process,0.8142,0.8577,0.5209,0.4076,0.7475,0.5275,,0.188,0f50fb19f263c430,old,42,0.005,76.0,0.1429
RF,SW,With Process,0.8919,0.8975,0.6432,0.7689,0.3158,0.4477,,2.539,0f50fb19f263c430,old,42,0.079,76.0,0.1429
GB,SW,With Process,0.8195,0.8986,0.6463,0.4259,0.8627,0.5703,,14.45,0f50fb19f263c430,old,42,0.032,76.0,0.1429
KNN,SW,With Process,0.8716,0.6623,0.3142,0.619,0.1952,0.2968,,0.011,0f50fb19f263c430,old,42,1.812,76.0,0.1429
LR,SW,With Process,0.8142,0.8577,0.5209,0.4076,0.7475,0.5275,,0.21,0f50fb19f263c430,old,1,0.006,76.0,0.1429
RF,SW,With Process,0.8909,0.8949,0.6427,0.7737,0.3024,0.4348,,2.514,0f50fb19f263c430,old,1,0.08,76.0,0.1429
GB,SW,With Process,0.8195,0.8986,0.6463,0.4259,0.8627,0.5703,,14.269,0f50fb19f263c430,old,1,0.028,76.0,0.1429
KNN,SW,With Process,0.8716,0.6623,0.3142,0.619,0.1952,0.2968,,0.01,0f50fb19f263c430,old,1,1.454,76.0,0.1429
LR,SW,With Process,0.8142,0.8577,0.5209,0.4076,0.7475,0.5275,,0.204,0f50fb19f263c430,old,2,0.005,76.0,0.1429
RF,SW,With Process,0.892,0.896,0.6401,0.7782,0.3105,0.4438,,2.106,0f50fb19f263c430,old,2,0.068,76.0,0.1429
GB,SW,With Process,0.8195,0.8986,0.6463,0.4259,0.8627,0.5703,,14.06,0f50fb19f263c430,old,2,0.025,76.0,0.1429
KNN,SW,With Process,0.8716,0.6623,0.3142,0.619,0.1952,0.2968,,0.01,0f50fb19f263c430,old,2,1.592,76.0,0.1429
LR,SW,With Process,0.8142,0.8577,0.5209,0.4076,0.7475,0.5275,,0.21,0f50fb19f263c430,old,3,0.006,76.0,0.1429
RF,SW,With Process,0.8916,0.8929,0.6362,0.7917,0.2976,0.4326,,2.278,0f50fb19f263c430,old,3,0.069,76.0,0.1429
GB,SW,With Process,0.8195,0.8986,0.6463,0.4259,0.8627,0.5703,,14.393,0f50fb19f263c430,old,3,0.026,76.0,0.1429
KNN,SW,With Process,0.8716,0.6623,0.3142,0.619,0.1952,0.2968,,0.01,0f50fb19f263c430,old,3,1.423,76.0,0.1429
LR,SW,With Process,0.8142,0.8577,0.5209,0.4076,0.7475,0.5275,,0.2,0f50fb19f263c430,old,4,0.005,76.0,0.1429
RF,SW,With Process,0.891,0.895,0.6376,0.7755,0.3019,0.4346,,2.073,0f50fb19f263c430,old,4,0.068,76.0,0.1429
GB,SW,With Process,0.8195,0.8986,0.6464,0.4259,0.8627,0.5703,,14.383,0f50fb19f263c430,old,4,0.027,76.0,0.1429
KNN,SW,With Process,0.8716,0.6623,0.3142,0.619,0.1952,0.2968,,0.01,0f50fb19f263c430,old,4,1.695,76.0,0.1429
LR,SW,With BoW,0.8278,0.8668,0.5538,0.4303,0.7426,0.5448,,1.859,0f50fb19f263c430,old,42,0.025,344.0,0.1429
RF,SW,With BoW,0.8926,0.8901,0.636,0.8067,0.2976,0.4348,,3.825,0f50fb19f263c430,old,42,0.12,344.0,0.1429
GB,SW,With BoW,0.8192,0.898,0.6449,0.4251,0.8595,0.5688,,32.247,0f50fb19f263c430,old,42,0.056,344.0,0.1429
KNN,SW,With BoW,0.8806,0.6707,0.3638,0.6946,0.2488,0.3664,,0.034,0f50fb19f263c430,old,42,4.75,344.0,0.1429
LR,SW,With BoW,0.8278,0.8668,0.5538,0.4303,0.7426,0.5448,,1.767,0f50fb19f263c430,old,1,0.023,344.0,0.1429
RF,SW,With BoW,0.8907,0.889,0.6314,0.7941,0.2874,0.422,,3.471,0f50fb19f263c430,old,1,0.094,344.0,0.1429
GB,SW,With BoW,0.8192,0.898,0.6449,0.4251,0.8595,0.5688,,31.467,0f50fb19f263c430,old,1,0.048,344.0,0.1429
KNN,SW,With BoW,0.8806,0.6707,0.3638,0.6946,0.2488,0.3664,,0.034,0f50fb19f263c430,old,1,4.426,344.0,0.1429
LR,SW,With BoW,0.8278,0.8668,0.5538,0.4303,0.7426,0.5448,,1.746,0f50fb19f263c430,old,2,0.022,344.0,0.1429
RF,SW,With BoW,0.891,0.8885,0.6319,0.7985,0.2869,0.4221,,3.628,0f50fb19f263c430,old,2,0.102,344.0,0.1429
GB,SW,With BoW,0.8193,0.8978,0.6448,0.4253,0.8595,0.569,,31.225,0f50fb19f263c430,old,2,0.045,344.0,0.1429
KNN,SW,With BoW,0.8806,0.6707,0.3638,0.6946,0.2488,0.3664,,0.032,0f50fb19f263c430,old,2,4.384,344.0,0.1429
LR,SW,With BoW,0.8278,0.8668,0.5538,0.4303,0.7426,0.5448,,1.655,0f50fb19f263c430,old,3,0.019,344.0,0.1429
RF,SW,With BoW,0.8932,0.8891,0.633,0.8098,0.3013,0.4392,,3.079,0f50fb19f263c430,old,3,0.122,344.0,0.1429
GB,SW,With BoW,0.8192,0.898,0.6449,0.4251,0.8595,0.5688,,30.151,0f50fb19f263c430,old,3,0.044,344.0,0.1429
KNN,SW,With BoW,0.8806,0.6707,0.3638,0.6946,0.2488,0.3664,,0.033,0f50fb19f263c430,old,3,4.669,344.0,0.1429
LR,SW,With BoW,0.8278,0.8668,0.5538,0.4303,0.7426,0.5448,,1.77,0f50fb19f263c430,old,4,0.02,344.0,0.1429
RF,SW,With BoW,0.8926,0.8884,0.6329,0.814,0.2933,0.4312,,3.248,0f50fb19f263c430,old,4,0.139,344.0,0.1429
GB,SW,With BoW,0.8192,0.898,0.6449,0.4251,0.8595,0.5688,,29.884,0f50fb19f263c430,old,4,0.045,344.0,0.1429
KNN,SW,With BoW,0.8806,0.6707,0.3638,0.6946,0.2488,0.3664,,0.032,0f50fb19f263c430,old,4,4.836,344.0,0.1429
LR,ICU,No Process,0.7254,0.749,0.387,0.2857,0.6407,0.3951,,0.11,14d2082d80407129,restricted,42,0.004,59.0,0.1345
RF,ICU,No Process,0.8643,0.7364,0.3662,0.6388,0.0705,0.127,,1.988,14d2082d80407129,restricted,42,0.078,59.0,0.1345
GB,ICU,No Process,0.7405,0.7504,0.395,0.2968,0.6232,0.4021,,10.42,14d2082d80407129,restricted,42,0.022,59.0,0.1345
KNN,ICU,No Process,0.8544,0.6033,0.2009,0.3985,0.0792,0.1322,,0.008,14d2082d80407129,restricted,42,3.245,59.0,0.1345
LR,ICU,No Process,0.7254,0.749,0.387,0.2857,0.6407,0.3951,,0.12,14d2082d80407129,restricted,1,0.005,59.0,0.1345
RF,ICU,No Process,0.8644,0.7388,0.3649,0.6295,0.0768,0.1369,,2.128,14d2082d80407129,restricted,1,0.079,59.0,0.1345
GB,ICU,No Process,0.7405,0.7504,0.3947,0.2968,0.6232,0.4021,,10.315,14d2082d80407129,restricted,1,0.02,59.0,0.1345
KNN,ICU,No Process,0.8544,0.6033,0.2009,0.3985,0.0792,0.1322,,0.007,14d2082d80407129,restricted,1,1.653,59.0,0.1345
LR,ICU,No Process,0.7254,0.749,0.387,0.2857,0.6407,0.3951,,0.125,14d2082d80407129,restricted,2,0.005,59.0,0.1345
RF,ICU,No Process,0.8645,0.7385,0.3648,0.6341,0.0758,0.1355,,2.163,14d2082d80407129,restricted,2,0.079,59.0,0.1345
GB,ICU,No Process,0.7405,0.7504,0.3947,0.2968,0.6232,0.4021,,10.229,14d2082d80407129,restricted,2,0.025,59.0,0.1345
KNN,ICU,No Process,0.8544,0.6033,0.2009,0.3985,0.0792,0.1322,,0.008,14d2082d80407129,restricted,2,1.48,59.0,0.1345
LR,ICU,No Process,0.7254,0.749,0.387,0.2857,0.6407,0.3951,,0.102,14d2082d80407129,restricted,3,0.008,59.0,0.1345
RF,ICU,No Process,0.8638,0.7391,0.3601,0.6038,0.0778,0.1378,,2.026,14d2082d80407129,restricted,3,0.078,59.0,0.1345
GB,ICU,No Process,0.7405,0.7504,0.3947,0.2968,0.6232,0.4021,,10.89,14d2082d80407129,restricted,3,0.02,59.0,0.1345
KNN,ICU,No Process,0.8544,0.6033,0.2009,0.3985,0.0792,0.1322,,0.007,14d2082d80407129,restricted,3,1.787,59.0,0.1345
LR,ICU,No Process,0.7254,0.749,0.387,0.2857,0.6407,0.3951,,0.146,14d2082d80407129,restricted,4,0.005,59.0,0.1345
RF,ICU,No Process,0.8646,0.7405,0.3677,0.6463,0.0719,0.1295,,1.996,14d2082d80407129,restricted,4,0.068,59.0,0.1345
GB,ICU,No Process,0.7405,0.7504,0.3947,0.2968,0.6232,0.4021,,9.97,14d2082d80407129,restricted,4,0.02,59.0,0.1345
KNN,ICU,No Process,0.8544,0.6033,0.2009,0.3985,0.0792,0.1322,,0.008,14d2082d80407129,restricted,4,1.432,59.0,0.1345
LR,ICU,With Process,0.7488,0.7739,0.4369,0.3122,0.6602,0.4239,,0.179,14d2082d80407129,restricted,42,0.006,76.0,0.1345
RF,ICU,With Process,0.8676,0.8029,0.4352,0.711,0.0909,0.1612,,2.54,14d2082d80407129,restricted,42,0.078,76.0,0.1345
GB,ICU,With Process,0.7564,0.8097,0.454,0.3304,0.7214,0.4533,,15.549,14d2082d80407129,restricted,42,0.029,76.0,0.1345
KNN,ICU,With Process,0.8539,0.5906,0.1928,0.3797,0.069,0.1168,,0.009,14d2082d80407129,restricted,42,1.712,76.0,0.1345
LR,ICU,With Process,0.7488,0.7739,0.4369,0.3122,0.6602,0.4239,,0.148,14d2082d80407129,restricted,1,0.005,76.0,0.1345
RF,ICU,With Process,0.8667,0.8012,0.4281,0.7143,0.0802,0.1442,,2.306,14d2082d80407129,restricted,1,0.078,76.0,0.1345
GB,ICU,With Process,0.7564,0.8097,0.4541,0.3304,0.7214,0.4533,,16.049,14d2082d80407129,restricted,1,0.023,76.0,0.1345
KNN,ICU,With Process,0.8539,0.5906,0.1928,0.3797,0.069,0.1168,,0.01,14d2082d80407129,restricted,1,1.61,76.0,0.1345
LR,ICU,With Process,0.7488,0.7739,0.4369,0.3122,0.6602,0.4239,,0.15,14d2082d80407129,restricted,2,0.005,76.0,0.1345
RF,ICU,With Process,0.8663,0.8022,0.4307,0.6914,0.0817,0.1461,,2.276,14d2082d80407129,restricted,2,0.068,76.0,0.1345
GB,ICU,With Process,0.7564,0.8097,0.4541,0.3304,0.7214,0.4533,,15.565,14d2082d80407129,restricted,2,0.023,76.0,0.1345
KNN,ICU,With Process,0.8539,0.5906,0.1928,0.3797,0.069,0.1168,,0.01,14d2082d80407129,restricted,2,1.604,76.0,0.1345
LR,ICU,With Process,0.7488,0.7739,0.4369,0.3122,0.6602,0.4239,,0.154,14d2082d80407129,restricted,3,0.005,76.0,0.1345
RF,ICU,With Process,0.8661,0.8057,0.429,0.6718,0.0856,0.1518,,2.246,14d2082d80407129,restricted,3,0.068,76.0,0.1345
GB,ICU,With Process,0.7564,0.8097,0.4541,0.3304,0.7214,0.4533,,16.013,14d2082d80407129,restricted,3,0.024,76.0,0.1345
KNN,ICU,With Process,0.8539,0.5906,0.1928,0.3797,0.069,0.1168,,0.01,14d2082d80407129,restricted,3,1.627,76.0,0.1345
LR,ICU,With Process,0.7488,0.7739,0.4369,0.3122,0.6602,0.4239,,0.16,14d2082d80407129,restricted,4,0.005,76.0,0.1345
RF,ICU,With Process,0.8669,0.8019,0.4292,0.6965,0.087,0.1547,,2.368,14d2082d80407129,restricted,4,0.09,76.0,0.1345
GB,ICU,With Process,0.7564,0.8097,0.4541,0.3304,0.7214,0.4533,,15.616,14d2082d80407129,restricted,4,0.023,76.0,0.1345
KNN,ICU,With Process,0.8539,0.5906,0.1928,0.3797,0.069,0.1168,,0.01,14d2082d80407129,restricted,4,1.616,76.0,0.1345
LR,ICU,With BoW,0.7515,0.7722,0.4363,0.3142,0.6558,0.4249,,1.63,14d2082d80407129,restricted,42,0.02,356.0,0.1345
RF,ICU,With BoW,0.8631,0.7932,0.4095,0.713,0.0374,0.0711,,3.803,14d2082d80407129,restricted,42,0.112,356.0,0.1345
GB,ICU,With BoW,0.7534,0.8117,0.458,0.3268,0.7185,0.4492,,35.929,14d2082d80407129,restricted,42,0.056,356.0,0.1345
KNN,ICU,With BoW,0.8533,0.5836,0.1823,0.3486,0.0554,0.0956,,0.039,14d2082d80407129,restricted,42,6.068,356.0,0.1345
LR,ICU,With BoW,0.7515,0.7722,0.4363,0.3142,0.6558,0.4249,,1.977,14d2082d80407129,restricted,1,0.021,356.0,0.1345
RF,ICU,With BoW,0.8616,0.7905,0.4015,0.6117,0.0306,0.0583,,3.923,14d2082d80407129,restricted,1,0.111,356.0,0.1345
GB,ICU,With BoW,0.7534,0.8117,0.458,0.3268,0.7185,0.4492,,36.56,14d2082d80407129,restricted,1,0.066,356.0,0.1345
KNN,ICU,With BoW,0.8533,0.5836,0.1823,0.3486,0.0554,0.0956,,0.042,14d2082d80407129,restricted,1,6.227,356.0,0.1345
LR,ICU,With BoW,0.7515,0.7722,0.4363,0.3142,0.6558,0.4249,,1.719,14d2082d80407129,restricted,2,0.02,356.0,0.1345
RF,ICU,With BoW,0.8621,0.7936,0.4058,0.6372,0.035,0.0664,,4.535,14d2082d80407129,restricted,2,0.135,356.0,0.1345
GB,ICU,With BoW,0.7534,0.8117,0.458,0.3268,0.7185,0.4492,,33.797,14d2082d80407129,restricted,2,0.048,356.0,0.1345
KNN,ICU,With BoW,0.8533,0.5836,0.1823,0.3486,0.0554,0.0956,,0.036,14d2082d80407129,restricted,2,4.804,356.0,0.1345
LR,ICU,With BoW,0.7515,0.7722,0.4363,0.3142,0.6558,0.4249,,1.556,14d2082d80407129,restricted,3,0.021,356.0,0.1345
RF,ICU,With BoW,0.8633,0.793,0.4114,0.7025,0.0413,0.0781,,3.786,14d2082d80407129,restricted,3,0.092,356.0,0.1345
GB,ICU,With BoW,0.7534,0.8117,0.458,0.3268,0.7185,0.4492,,33.442,14d2082d80407129,restricted,3,0.046,356.0,0.1345
KNN,ICU,With BoW,0.8533,0.5836,0.1823,0.3486,0.0554,0.0956,,0.035,14d2082d80407129,restricted,3,4.928,356.0,0.1345
LR,ICU,With BoW,0.7515,0.7722,0.4363,0.3142,0.6558,0.4249,,1.619,14d2082d80407129,restricted,4,0.025,356.0,0.1345
RF,ICU,With BoW,0.8629,0.7965,0.4142,0.6937,0.0374,0.071,,3.81,14d2082d80407129,restricted,4,0.101,356.0,0.1345
GB,ICU,With BoW,0.7534,0.8117,0.458,0.3268,0.7185,0.4492,,33.406,14d2082d80407129,restricted,4,0.046,356.0,0.1345
KNN,ICU,With BoW,0.8533,0.5836,0.1823,0.3486,0.0554,0.0956,,0.036,14d2082d80407129,restricted,4,4.83,356.0,0.1345
LR,SW,No Process,0.7314,0.7947,0.7746,0.7159,0.6915,0.7035,,0.023,476006eb47fe7cf9,restricted,42,0.001,59.0,0.4548
RF,SW,No Process,0.7475,0.8041,0.8057,0.7763,0.6349,0.6985,,0.377,476006eb47fe7cf9,restricted,42,0.025,59.0,0.4548
GB,SW,No Process,0.7361,0.8016,0.8044,0.7345,0.669,0.7002,,1.841,476006eb47fe7cf9,restricted,42,0.004,59.0,0.4548
KNN,SW,No Process,0.6618,0.7091,0.6594,0.6416,0.6023,0.6214,,0.002,476006eb47fe7cf9,restricted,42,0.058,59.0,0.4548
LR,SW,No Process,0.7314,0.7947,0.7746,0.7159,0.6915,0.7035,,0.034,476006eb47fe7cf9,restricted,1,0.001,59.0,0.4548
RF,SW,No Process,0.7468,0.8034,0.8057,0.7845,0.6209,0.6932,,0.382,476006eb47fe7cf9,restricted,1,0.025,59.0,0.4548
GB,SW,No Process,0.7364,0.8017,0.8044,0.7347,0.6698,0.7007,,1.87,476006eb47fe7cf9,restricted,1,0.004,59.0,0.4548
KNN,SW,No Process,0.6618,0.7091,0.6594,0.6416,0.6023,0.6214,,0.002,476006eb47fe7cf9,restricted,1,0.068,59.0,0.4548
LR,SW,No Process,0.7314,0.7947,0.7746,0.7159,0.6915,0.7035,,0.026,476006eb47fe7cf9,restricted,2,0.001,59.0,0.4548
RF,SW,No Process,0.7404,0.802,0.8009,0.7725,0.6186,0.687,,0.377,476006eb47fe7cf9,restricted,2,0.025,59.0,0.4548
GB,SW,No Process,0.7364,0.8019,0.8045,0.7347,0.6698,0.7007,,1.842,476006eb47fe7cf9,restricted,2,0.004,59.0,0.4548
KNN,SW,No Process,0.6618,0.7091,0.6594,0.6416,0.6023,0.6214,,0.002,476006eb47fe7cf9,restricted,2,0.056,59.0,0.4548
LR,SW,No Process,0.7314,0.7947,0.7746,0.7159,0.6915,0.7035,,0.026,476006eb47fe7cf9,restricted,3,0.001,59.0,0.4548
RF,SW,No Process,0.7371,0.8011,0.8026,0.7705,0.6116,0.6819,,0.399,476006eb47fe7cf9,restricted,3,0.025,59.0,0.4548
GB,SW,No Process,0.7364,0.8017,0.8044,0.7347,0.6698,0.7007,,1.858,476006eb47fe7cf9,restricted,3,0.005,59.0,0.4548
KNN,SW,No Process,0.6618,0.7091,0.6594,0.6416,0.6023,0.6214,,0.002,476006eb47fe7cf9,restricted,3,0.079,59.0,0.4548
LR,SW,No Process,0.7314,0.7947,0.7746,0.7159,0.6915,0.7035,,0.032,476006eb47fe7cf9,restricted,4,0.001,59.0,0.4548
RF,SW,No Process,0.7436,0.8071,0.8058,0.7771,0.6217,0.6908,,0.411,476006eb47fe7cf9,restricted,4,0.025,59.0,0.4548
GB,SW,No Process,0.7364,0.8019,0.8045,0.7347,0.6698,0.7007,,1.857,476006eb47fe7cf9,restricted,4,0.004,59.0,0.4548
KNN,SW,No Process,0.6618,0.7091,0.6594,0.6416,0.6023,0.6214,,0.002,476006eb47fe7cf9,restricted,4,0.05,59.0,0.4548
LR,SW,With Process,0.7332,0.799,0.7801,0.7195,0.6899,0.7044,,0.029,476006eb47fe7cf9,restricted,42,0.001,76.0,0.4548
RF,SW,With Process,0.7386,0.8174,0.8152,0.7751,0.6093,0.6823,,0.428,476006eb47fe7cf9,restricted,42,0.025,76.0,0.4548
GB,SW,With Process,0.7368,0.8193,0.8162,0.7287,0.6829,0.7051,,2.848,476006eb47fe7cf9,restricted,42,0.005,76.0,0.4548
KNN,SW,With Process,0.6686,0.7169,0.6694,0.6474,0.6163,0.6315,,0.003,476006eb47fe7cf9,restricted,42,0.093,76.0,0.4548
LR,SW,With Process,0.7332,0.799,0.7801,0.7195,0.6899,0.7044,,0.039,476006eb47fe7cf9,restricted,1,0.001,76.0,0.4548
RF,SW,With Process,0.7439,0.821,0.8199,0.7768,0.6233,0.6916,,0.438,476006eb47fe7cf9,restricted,1,0.026,76.0,0.4548
GB,SW,With Process,0.7364,0.8191,0.8161,0.7285,0.6822,0.7046,,2.81,476006eb47fe7cf9,restricted,1,0.004,76.0,0.4548
KNN,SW,With Process,0.6686,0.7169,0.6694,0.6474,0.6163,0.6315,,0.003,476006eb47fe7cf9,restricted,1,0.07,76.0,0.4548
LR,SW,With Process,0.7332,0.799,0.7801,0.7195,0.6899,0.7044,,0.038,476006eb47fe7cf9,restricted,2,0.001,76.0,0.4548
RF,SW,With Process,0.7411,0.8182,0.8179,0.7668,0.6295,0.6914,,0.432,476006eb47fe7cf9,restricted,2,0.025,76.0,0.4548
GB,SW,With Process,0.7364,0.819,0.816,0.7285,0.6822,0.7046,,2.803,476006eb47fe7cf9,restricted,2,0.005,76.0,0.4548
KNN,SW,With Process,0.6686,0.7169,0.6694,0.6474,0.6163,0.6315,,0.003,476006eb47fe7cf9,restricted,2,0.074,76.0,0.4548
LR,SW,With Process,0.7332,0.799,0.7801,0.7195,0.6899,0.7044,,0.033,476006eb47fe7cf9,restricted,3,0.001,76.0,0.4548
RF,SW,With Process,0.7414,0.8217,0.8204,0.7769,0.6155,0.6869,,0.421,476006eb47fe7cf9,restricted,3,0.025,76.0,0.4548
GB,SW,With Process,0.7364,0.819,0.816,0.7285,0.6822,0.7046,,2.81,476006eb47fe7cf9,restricted,3,0.004,76.0,0.4548
KNN,SW,With Process,0.6686,0.7169,0.6694,0.6474,0.6163,0.6315,,0.003,476006eb47fe7cf9,restricted,3,0.061,76.0,0.4548
LR,SW,With Process,0.7332,0.799,0.7801,0.7195,0.6899,0.7044,,0.03,476006eb47fe7cf9,restricted,4,0.001,76.0,0.4548
RF,SW,With Process,0.7486,0.821,0.8211,0.7828,0.6287,0.6973,,0.433,476006eb47fe7cf9,restricted,4,0.025,76.0,0.4548
GB,SW,With Process,0.7364,0.819,0.816,0.7285,0.6822,0.7046,,2.795,476006eb47fe7cf9,restricted,4,0.004,76.0,0.4548
KNN,SW,With Process,0.6686,0.7169,0.6694,0.6474,0.6163,0.6315,,0.003,476006eb47fe7cf9,restricted,4,0.062,76.0,0.4548
LR,SW,With BoW,0.7382,0.7961,0.7703,0.7205,0.7054,0.7129,,0.277,476006eb47fe7cf9,restricted,42,0.003,344.0,0.4548
RF,SW,With BoW,0.7371,0.8095,0.8106,0.7748,0.6054,0.6797,,0.579,476006eb47fe7cf9,restricted,42,0.026,344.0,0.4548
GB,SW,With BoW,0.7432,0.8211,0.815,0.7334,0.6953,0.7139,,5.5,476006eb47fe7cf9,restricted,42,0.008,344.0,0.4548
KNN,SW,With BoW,0.6818,0.7195,0.6797,0.6637,0.6271,0.6449,,0.01,476006eb47fe7cf9,restricted,42,0.185,344.0,0.4548
LR,SW,With BoW,0.7382,0.7961,0.7703,0.7205,0.7054,0.7129,,0.276,476006eb47fe7cf9,restricted,1,0.003,344.0,0.4548
RF,SW,With BoW,0.7325,0.8115,0.8127,0.766,0.6039,0.6753,,0.567,476006eb47fe7cf9,restricted,1,0.026,344.0,0.4548
GB,SW,With BoW,0.7432,0.8211,0.815,0.7334,0.6953,0.7139,,5.671,476006eb47fe7cf9,restricted,1,0.007,344.0,0.4548
KNN,SW,With BoW,0.6818,0.7195,0.6797,0.6637,0.6271,0.6449,,0.009,476006eb47fe7cf9,restricted,1,0.212,344.0,0.4548
LR,SW,With BoW,0.7382,0.7961,0.7703,0.7205,0.7054,0.7129,,0.287,476006eb47fe7cf9,restricted,2,0.004,344.0,0.4548
RF,SW,With BoW,0.7314,0.8105,0.8099,0.7642,0.6031,0.6742,,0.569,476006eb47fe7cf9,restricted,2,0.038,344.0,0.4548
GB,SW,With BoW,0.7436,0.8211,0.815,0.7337,0.6961,0.7144,,5.739,476006eb47fe7cf9,restricted,2,0.007,344.0,0.4548
KNN,SW,With BoW,0.6818,0.7195,0.6797,0.6637,0.6271,0.6449,,0.009,476006eb47fe7cf9,restricted,2,0.187,344.0,0.4548
LR,SW,With BoW,0.7382,0.7961,0.7703,0.7205,0.7054,0.7129,,0.279,476006eb47fe7cf9,restricted,3,0.003,344.0,0.4548
RF,SW,With BoW,0.7357,0.8102,0.8122,0.7745,0.6016,0.6771,,0.572,476006eb47fe7cf9,restricted,3,0.026,344.0,0.4548
GB,SW,With BoW,0.7436,0.8209,0.8149,0.7337,0.6961,0.7144,,5.506,476006eb47fe7cf9,restricted,3,0.007,344.0,0.4548
KNN,SW,With BoW,0.6818,0.7195,0.6797,0.6637,0.6271,0.6449,,0.009,476006eb47fe7cf9,restricted,3,0.213,344.0,0.4548
LR,SW,With BoW,0.7382,0.7961,0.7703,0.7205,0.7054,0.7129,,0.279,476006eb47fe7cf9,restricted,4,0.003,344.0,0.4548
RF,SW,With BoW,0.7343,0.8072,0.8126,0.7687,0.6054,0.6774,,0.579,476006eb47fe7cf9,restricted,4,0.025,344.0,0.4548
GB,SW,With BoW,0.7436,0.8212,0.8151,0.7337,0.6961,0.7144,,5.509,476006eb47fe7cf9,restricted,4,0.007,344.0,0.4548
KNN,SW,With BoW,0.6818,0.7195,0.6797,0.6637,0.6271,0.6449,,0.01,476006eb47fe7cf9,restricted,4,0.224,344.0,0.4548
MLP,SW,No Process,0.5628,0.5782,0.0288,0.028,0.5357,0.0532,24.0,22.1,0f50fb19f263c430,collapse,42,,59.0,0.0223
MLP,SW,With Process,0.7813,0.8642,0.1508,0.0815,0.8312,0.1484,17.0,15.3,0f50fb19f263c430,collapse,42,,76.0,0.0223
MLP,SW,No Process,0.5636,0.5919,0.0285,0.0292,0.5584,0.0554,23.0,20.5,0f50fb19f263c430,collapse,1,,59.0,0.0223
MLP,SW,With Process,0.8026,0.8643,0.1353,0.0888,0.8214,0.1602,31.0,29.9,0f50fb19f263c430,collapse,1,,76.0,0.0223
MLP,SW,No Process,0.6446,0.5927,0.0314,0.0303,0.4675,0.0569,32.0,29.3,0f50fb19f263c430,collapse,2,,59.0,0.0223
MLP,SW,With Process,0.8162,0.8589,0.1355,0.0924,0.7955,0.1655,29.0,27.7,0f50fb19f263c430,collapse,2,,76.0,0.0223
MLP,SW,No Process,0.6114,0.592,0.0361,0.0289,0.4903,0.0547,33.0,30.9,0f50fb19f263c430,collapse,3,,59.0,0.0223
MLP,SW,With Process,0.7927,0.8638,0.1302,0.0851,0.8247,0.1542,23.0,22.4,0f50fb19f263c430,collapse,3,,76.0,0.0223
MLP,SW,No Process,0.5793,0.5859,0.0279,0.0294,0.5422,0.0558,20.0,18.0,0f50fb19f263c430,collapse,4,,59.0,0.0223
MLP,SW,With Process,0.815,0.8671,0.1444,0.0934,0.8117,0.1674,25.0,24.0,0f50fb19f263c430,collapse,4,,76.0,0.0223
MLP,SW,No Process,0.5807,0.5946,0.1109,0.0989,0.5468,0.1676,17.0,14.8,0f50fb19f263c430,corr,42,,59.0,0.0805
MLP,SW,With Process,0.765,0.8463,0.2994,0.2219,0.8158,0.3489,26.0,24.1,0f50fb19f263c430,corr,42,,76.0,0.0805
MLP,SW,No Process,0.5562,0.5953,0.1101,0.0985,0.5824,0.1685,14.0,13.2,0f50fb19f263c430,corr,1,,59.0,0.0805
MLP,SW,With Process,0.7607,0.8432,0.2945,0.2211,0.8322,0.3493,46.0,42.4,0f50fb19f263c430,corr,1,,76.0,0.0805
MLP,SW,No Process,0.638,0.6001,0.1108,0.1055,0.4937,0.1739,19.0,17.2,0f50fb19f263c430,corr,2,,59.0,0.0805
MLP,SW,With Process,0.7709,0.8476,0.3018,0.2262,0.8129,0.3539,44.0,40.3,0f50fb19f263c430,corr,2,,76.0,0.0805
MLP,SW,No Process,0.5966,0.5929,0.1055,0.1023,0.5439,0.1722,24.0,22.6,0f50fb19f263c430,corr,3,,59.0,0.0805
MLP,SW,With Process,0.7562,0.8437,0.2985,0.2179,0.8341,0.3456,27.0,26.1,0f50fb19f263c430,corr,3,,76.0,0.0805
MLP,SW,No Process,0.6115,0.597,0.111,0.1002,0.5053,0.1672,17.0,17.5,0f50fb19f263c430,corr,4,,59.0,0.0805
MLP,SW,With Process,0.7619,0.8471,0.3049,0.2219,0.8322,0.3504,40.0,37.5,0f50fb19f263c430,corr,4,,76.0,0.0805
MLP,SW,No Process,0.6025,0.6035,0.1337,0.1239,0.5474,0.202,17.0,14.9,0f50fb19f263c430,corrpacu,42,,59.0,0.0948
MLP,SW,With Process,0.7708,0.8481,0.3471,0.2623,0.8243,0.398,36.0,33.8,0f50fb19f263c430,corrpacu,42,,76.0,0.0948
MLP,SW,No Process,0.645,0.6116,0.1371,0.1286,0.4955,0.2042,21.0,19.0,0f50fb19f263c430,corrpacu,1,,59.0,0.0948
MLP,SW,With Process,0.7826,0.8493,0.3568,0.2694,0.7976,0.4028,39.0,36.1,0f50fb19f263c430,corrpacu,1,,76.0,0.0948
MLP,SW,No Process,0.6007,0.6084,0.1349,0.1245,0.5547,0.2034,26.0,23.7,0f50fb19f263c430,corrpacu,2,,59.0,0.0948
MLP,SW,With Process,0.7799,0.8491,0.3503,0.2665,0.796,0.3993,45.0,41.5,0f50fb19f263c430,corrpacu,2,,76.0,0.0948
MLP,SW,No Process,0.6084,0.6059,0.1317,0.1236,0.5352,0.2008,24.0,22.3,0f50fb19f263c430,corrpacu,3,,59.0,0.0948
MLP,SW,With Process,0.7669,0.8464,0.3468,0.2579,0.8178,0.3921,31.0,29.1,0f50fb19f263c430,corrpacu,3,,76.0,0.0948
MLP,SW,No Process,0.6446,0.6083,0.1371,0.1278,0.4923,0.203,23.0,20.8,0f50fb19f263c430,corrpacu,4,,59.0,0.0948
MLP,SW,With Process,0.7628,0.848,0.3556,0.2548,0.8211,0.3889,42.0,38.9,0f50fb19f263c430,corrpacu,4,,76.0,0.0948
MLP,ICU,No Process,0.7161,0.7433,0.3226,0.2411,0.6469,0.3513,19.0,25.0,6e09b6e8a1606e84,lat,42,,59.0,0.1162
MLP,ICU,With Process,0.7269,0.8056,0.4057,0.2663,0.7405,0.3918,33.0,42.9,6e09b6e8a1606e84,lat,42,,76.0,0.1162
MLP,SW,No Process,0.7702,0.7676,0.3116,0.2359,0.6435,0.3452,18.0,18.2,0f50fb19f263c430,lat,42,,59.0,0.0953
MLP,SW,With Process,0.7907,0.9097,0.6259,0.2952,0.8822,0.4424,31.0,33.2,0f50fb19f263c430,lat,42,,76.0,0.0953
MLP,ICU,No Process,0.713,0.7437,0.3267,0.2381,0.6434,0.3475,17.0,22.6,6e09b6e8a1606e84,lat,1,,59.0,0.1162
MLP,ICU,With Process,0.7035,0.8106,0.4052,0.2542,0.7734,0.3827,25.0,33.0,6e09b6e8a1606e84,lat,1,,76.0,0.1162
MLP,SW,No Process,0.7998,0.7696,0.3197,0.2599,0.6095,0.3644,20.0,20.5,0f50fb19f263c430,lat,1,,59.0,0.0953
MLP,SW,With Process,0.7925,0.9107,0.6323,0.2975,0.8846,0.4453,43.0,45.8,0f50fb19f263c430,lat,1,,76.0,0.0953
MLP,ICU,No Process,0.7206,0.7447,0.327,0.2438,0.6429,0.3535,18.0,23.4,6e09b6e8a1606e84,lat,2,,59.0,0.1162
MLP,ICU,With Process,0.7303,0.8111,0.4085,0.2704,0.748,0.3972,28.0,36.6,6e09b6e8a1606e84,lat,2,,76.0,0.1162
MLP,SW,No Process,0.7895,0.7687,0.3163,0.2479,0.6079,0.3522,19.0,19.9,0f50fb19f263c430,lat,2,,59.0,0.0953
MLP,SW,With Process,0.8046,0.9117,0.6324,0.309,0.8704,0.4561,36.0,38.5,0f50fb19f263c430,lat,2,,76.0,0.0953
MLP,ICU,No Process,0.7269,0.7446,0.3278,0.247,0.6345,0.3556,17.0,22.2,6e09b6e8a1606e84,lat,3,,59.0,0.1162
MLP,ICU,With Process,0.715,0.8086,0.4106,0.2597,0.756,0.3866,39.0,53.3,6e09b6e8a1606e84,lat,3,,76.0,0.1162
MLP,SW,No Process,0.7943,0.7688,0.3026,0.2555,0.619,0.3617,16.0,16.7,0f50fb19f263c430,lat,3,,59.0,0.0953
MLP,SW,With Process,0.7961,0.912,0.6312,0.3016,0.8862,0.45,39.0,41.8,0f50fb19f263c430,lat,3,,76.0,0.0953
MLP,ICU,No Process,0.7028,0.7436,0.3264,0.235,0.6658,0.3474,18.0,24.0,6e09b6e8a1606e84,lat,4,,59.0,0.1162
MLP,ICU,With Process,0.7258,0.8079,0.4061,0.2667,0.748,0.3932,33.0,43.5,6e09b6e8a1606e84,lat,4,,76.0,0.1162
MLP,SW,No Process,0.7828,0.7698,0.3051,0.2447,0.6261,0.3518,16.0,17.1,0f50fb19f263c430,lat,4,,59.0,0.0953
MLP,SW,With Process,0.7975,0.9133,0.6363,0.3042,0.8941,0.4539,39.0,42.1,0f50fb19f263c430,lat,4,,76.0,0.0953
MLP,ICU,No Process,0.7108,0.7503,0.4184,0.2969,0.6629,0.4101,20.0,27.4,6e09b6e8a1606e84,old,42,,59.0,0.1489
MLP,ICU,With Process,0.7489,0.8385,0.5585,0.3515,0.776,0.4838,31.0,41.4,6e09b6e8a1606e84,old,42,,76.0,0.1489
MLP,SW,No Process,0.7202,0.7079,0.3201,0.264,0.5684,0.3605,17.0,17.5,0f50fb19f263c430,old,42,,59.0,0.1429
MLP,SW,With Process,0.8,0.894,0.6421,0.3983,0.8643,0.5453,31.0,33.2,0f50fb19f263c430,old,42,,76.0,0.1429
MLP,ICU,No Process,0.7208,0.7497,0.4183,0.3036,0.6504,0.414,15.0,20.9,6e09b6e8a1606e84,old,1,,59.0,0.1489
MLP,ICU,With Process,0.7408,0.8374,0.557,0.3446,0.7866,0.4793,30.0,38.6,6e09b6e8a1606e84,old,1,,76.0,0.1489
MLP,SW,No Process,0.7432,0.7129,0.3393,0.2805,0.5432,0.37,26.0,26.1,0f50fb19f263c430,old,1,,59.0,0.1429
MLP,SW,With Process,0.8061,0.8938,0.6496,0.4065,0.8638,0.5528,39.0,39.3,0f50fb19f263c430,old,1,,76.0,0.1429
MLP,ICU,No Process,0.7108,0.7501,0.4187,0.298,0.6695,0.4125,22.0,27.1,6e09b6e8a1606e84,old,2,,59.0,0.1489
MLP,ICU,With Process,0.7676,0.8381,0.5586,0.3702,0.7597,0.4978,37.0,45.2,6e09b6e8a1606e84,old,2,,76.0,0.1489
MLP,SW,No Process,0.7436,0.7109,0.3335,0.2813,0.5448,0.371,26.0,25.8,0f50fb19f263c430,old,2,,59.0,0.1429
MLP,SW,With Process,0.7967,0.8957,0.6506,0.3949,0.8729,0.5438,30.0,29.9,0f50fb19f263c430,old,2,,76.0,0.1429
MLP,ICU,No Process,0.7195,0.7486,0.4187,0.3026,0.6516,0.4133,18.0,22.4,6e09b6e8a1606e84,old,3,,59.0,0.1489
MLP,ICU,With Process,0.7637,0.837,0.5577,0.3648,0.753,0.4915,32.0,40.0,6e09b6e8a1606e84,old,3,,76.0,0.1489
MLP,SW,No Process,0.7466,0.7094,0.3169,0.2836,0.541,0.3721,16.0,15.6,0f50fb19f263c430,old,3,,59.0,0.1429
MLP,SW,With Process,0.7965,0.8946,0.646,0.3948,0.8756,0.5442,34.0,33.5,0f50fb19f263c430,old,3,,76.0,0.1429
MLP,ICU,No Process,0.7277,0.7481,0.4187,0.3082,0.6395,0.4159,19.0,23.7,6e09b6e8a1606e84,old,4,,59.0,0.1489
MLP,ICU,With Process,0.7553,0.8381,0.5581,0.3568,0.7647,0.4866,29.0,36.0,6e09b6e8a1606e84,old,4,,76.0,0.1489
MLP,SW,No Process,0.7343,0.7103,0.3296,0.2725,0.5475,0.3639,27.0,25.3,0f50fb19f263c430,old,4,,59.0,0.1429
MLP,SW,With Process,0.803,0.8958,0.6497,0.4036,0.8783,0.5531,42.0,38.4,0f50fb19f263c430,old,4,,76.0,0.1429
MLP,ICU,No Process,0.7455,0.7513,0.3919,0.3005,0.6159,0.4039,26.0,25.7,14d2082d80407129,restricted,42,,59.0,0.1345
MLP,ICU,With Process,0.7549,0.8095,0.4606,0.3276,0.7137,0.4491,32.0,32.1,14d2082d80407129,restricted,42,,76.0,0.1345
MLP,SW,No Process,0.7404,0.8026,0.7982,0.7336,0.6853,0.7086,59.0,11.3,476006eb47fe7cf9,restricted,42,,59.0,0.4548
MLP,SW,With Process,0.75,0.8165,0.8095,0.7574,0.6729,0.7126,35.0,6.9,476006eb47fe7cf9,restricted,42,,76.0,0.4548
MLP,ICU,No Process,0.7278,0.7495,0.3941,0.2868,0.6354,0.3952,24.0,26.2,14d2082d80407129,restricted,1,,59.0,0.1345
MLP,ICU,With Process,0.7555,0.8079,0.4605,0.3275,0.7083,0.4479,34.0,38.2,14d2082d80407129,restricted,1,,76.0,0.1345
MLP,SW,No Process,0.7468,0.8052,0.7994,0.7634,0.6527,0.7037,48.0,9.0,476006eb47fe7cf9,restricted,1,,59.0,0.4548
MLP,SW,With Process,0.7493,0.8171,0.8077,0.7487,0.686,0.716,47.0,8.9,476006eb47fe7cf9,restricted,1,,76.0,0.4548
MLP,ICU,No Process,0.7347,0.7517,0.3919,0.2916,0.6262,0.3979,21.0,20.6,14d2082d80407129,restricted,2,,59.0,0.1345
MLP,ICU,With Process,0.7581,0.8089,0.4619,0.3308,0.7117,0.4516,28.0,30.7,14d2082d80407129,restricted,2,,76.0,0.1345
MLP,SW,No Process,0.7475,0.8068,0.8004,0.7448,0.6876,0.715,39.0,7.0,476006eb47fe7cf9,restricted,2,,59.0,0.4548
MLP,SW,With Process,0.7464,0.816,0.8081,0.7342,0.7047,0.7191,28.0,5.1,476006eb47fe7cf9,restricted,2,,76.0,0.4548
MLP,ICU,No Process,0.7413,0.7521,0.395,0.2947,0.6087,0.3971,21.0,20.5,14d2082d80407129,restricted,3,,59.0,0.1345
MLP,ICU,With Process,0.7386,0.8064,0.4586,0.3132,0.7273,0.4379,34.0,33.8,14d2082d80407129,restricted,3,,76.0,0.1345
MLP,SW,No Process,0.7425,0.8034,0.7976,0.7421,0.676,0.7075,40.0,7.4,476006eb47fe7cf9,restricted,3,,59.0,0.4548
MLP,SW,With Process,0.7486,0.8143,0.8107,0.7535,0.6752,0.7122,44.0,8.7,476006eb47fe7cf9,restricted,3,,76.0,0.4548
MLP,ICU,No Process,0.7121,0.752,0.3958,0.2768,0.6553,0.3892,14.0,14.4,14d2082d80407129,restricted,4,,59.0,0.1345
MLP,ICU,With Process,0.7389,0.808,0.464,0.3147,0.7346,0.4406,28.0,29.7,14d2082d80407129,restricted,4,,76.0,0.1345
MLP,SW,No Process,0.7421,0.8073,0.8016,0.7305,0.6977,0.7137,27.0,5.4,476006eb47fe7cf9,restricted,4,,59.0,0.4548
MLP,SW,With Process,0.7439,0.8094,0.8061,0.743,0.6791,0.7096,19.0,3.8,476006eb47fe7cf9,restricted,4,,76.0,0.4548
RNN,SW,Sequence Only,0.4566,0.6272,0.0317,0.0312,0.7565,0.06,13.0,12.5,0f50fb19f263c430,collapse,1,,,
RNN,SW,Sequence + Tabular,0.7467,0.847,0.1091,0.0724,0.8506,0.1334,29.0,30.2,0f50fb19f263c430,collapse,1,,,
RNN,SW,Sequence Only,0.4261,0.6178,0.0307,0.0302,0.7727,0.0581,45.0,42.9,0f50fb19f263c430,collapse,2,,,
RNN,SW,Sequence + Tabular,0.7701,0.8443,0.1033,0.0754,0.8019,0.1379,18.0,18.9,0f50fb19f263c430,collapse,2,,,
RNN,SW,Sequence Only,0.3313,0.6217,0.031,0.0291,0.8701,0.0563,33.0,31.3,0f50fb19f263c430,collapse,3,,,
RNN,SW,Sequence + Tabular,0.7991,0.8409,0.1062,0.083,0.7727,0.1499,28.0,29.0,0f50fb19f263c430,collapse,3,,,
RNN,SW,Sequence Only,0.3528,0.6237,0.0321,0.0294,0.8506,0.0568,38.0,36.5,0f50fb19f263c430,collapse,4,,,
RNN,SW,Sequence + Tabular,0.8001,0.8409,0.1073,0.0831,0.7695,0.15,45.0,47.0,0f50fb19f263c430,collapse,4,,,
RNN,SW,Sequence Only,0.3249,0.617,0.031,0.0291,0.8799,0.0564,30.0,28.8,0f50fb19f263c430,collapse,42,,,
RNN,SW,Sequence + Tabular,0.6752,0.8395,0.1053,0.058,0.8636,0.1087,20.0,20.8,0f50fb19f263c430,collapse,42,,,
RNN,SW,Sequence Only,0.399,0.5511,0.0876,0.0868,0.7126,0.1547,15.0,14.0,0f50fb19f263c430,corr,1,,,
RNN,SW,Sequence + Tabular,0.7901,0.8323,0.2701,0.2294,0.729,0.349,34.0,33.8,0f50fb19f263c430,corr,1,,,
RNN,SW,Sequence Only,0.4241,0.5542,0.0884,0.0879,0.6895,0.156,15.0,13.9,0f50fb19f263c430,corr,2,,,
RNN,SW,Sequence + Tabular,0.7552,0.8238,0.2573,0.2071,0.7676,0.3262,24.0,23.7,0f50fb19f263c430,corr,2,,,
RNN,SW,Sequence Only,0.3359,0.5549,0.0875,0.0841,0.7686,0.1515,13.0,12.7,0f50fb19f263c430,corr,3,,,
RNN,SW,Sequence + Tabular,0.8121,0.8277,0.2666,0.2431,0.6789,0.358,39.0,38.9,0f50fb19f263c430,corr,3,,,
RNN,SW,Sequence Only,0.4389,0.5511,0.087,0.0869,0.6596,0.1536,12.0,11.3,0f50fb19f263c430,corr,4,,,
RNN,SW,Sequence + Tabular,0.8106,0.8272,0.256,0.2416,0.6798,0.3565,30.0,29.8,0f50fb19f263c430,corr,4,,,
RNN,SW,Sequence Only,0.3612,0.5576,0.0892,0.0856,0.7522,0.1538,45.0,41.0,0f50fb19f263c430,corr,42,,,
RNN,SW,Sequence + Tabular,0.7945,0.8299,0.2603,0.2335,0.7281,0.3535,34.0,33.6,0f50fb19f263c430,corr,42,,,
RNN,SW,Sequence Only,0.378,0.5625,0.1057,0.1044,0.7611,0.1836,17.0,16.0,0f50fb19f263c430,corrpacu,1,,,
RNN,SW,Sequence + Tabular,0.7712,0.8312,0.3122,0.2538,0.7676,0.3815,24.0,23.8,0f50fb19f263c430,corrpacu,1,,,
RNN,SW,Sequence Only,0.3601,0.5607,0.1052,0.1027,0.7709,0.1813,15.0,14.3,0f50fb19f263c430,corrpacu,2,,,
RNN,SW,Sequence + Tabular,0.8017,0.83,0.3172,0.2773,0.7206,0.4005,35.0,34.8,0f50fb19f263c430,corrpacu,2,,,
RNN,SW,Sequence Only,0.4729,0.5642,0.1076,0.1079,0.6518,0.1852,13.0,12.5,0f50fb19f263c430,corrpacu,3,,,
RNN,SW,Sequence + Tabular,0.7662,0.8281,0.3206,0.2478,0.7579,0.3734,24.0,24.3,0f50fb19f263c430,corrpacu,3,,,
RNN,SW,Sequence Only,0.3769,0.5632,0.1059,0.1029,0.749,0.181,16.0,15.1,0f50fb19f263c430,corrpacu,4,,,
RNN,SW,Sequence + Tabular,0.794,0.8343,0.3138,0.2711,0.7352,0.3962,33.0,32.7,0f50fb19f263c430,corrpacu,4,,,
RNN,SW,Sequence Only,0.3835,0.5648,0.1061,0.1045,0.7538,0.1835,20.0,18.9,0f50fb19f263c430,corrpacu,42,,,
RNN,SW,Sequence + Tabular,0.8187,0.8289,0.3148,0.2877,0.6591,0.4006,34.0,34.3,0f50fb19f263c430,corrpacu,42,,,
RNN,ICU,Sequence Only,0.1894,0.5264,0.1263,0.1237,0.9567,0.219,14.0,16.8,6e09b6e8a1606e84,lat,1,,,
RNN,ICU,Sequence + Tabular,0.7658,0.7887,0.3857,0.2845,0.6414,0.3942,31.0,39.5,6e09b6e8a1606e84,lat,1,,,
RNN,SW,Sequence Only,0.9219,0.6952,0.359,0.6593,0.3534,0.4601,13.0,12.1,0f50fb19f263c430,lat,1,,,
RNN,SW,Sequence + Tabular,0.8469,0.8927,0.6048,0.3536,0.7557,0.4817,29.0,29.1,0f50fb19f263c430,lat,1,,,
RNN,ICU,Sequence Only,0.2925,0.533,0.1267,0.1261,0.8357,0.2191,16.0,18.8,6e09b6e8a1606e84,lat,2,,,
RNN,ICU,Sequence + Tabular,0.7502,0.7859,0.3825,0.2737,0.6668,0.3881,32.0,40.5,6e09b6e8a1606e84,lat,2,,,
RNN,SW,Sequence Only,0.9096,0.6937,0.3572,0.528,0.3723,0.4367,15.0,13.9,0f50fb19f263c430,lat,2,,,
RNN,SW,Sequence + Tabular,0.8548,0.8916,0.6042,0.366,0.7407,0.4899,26.0,26.1,0f50fb19f263c430,lat,2,,,
RNN,ICU,Sequence Only,0.3046,0.5326,0.1265,0.1263,0.8202,0.2189,17.0,20.2,6e09b6e8a1606e84,lat,3,,,
RNN,ICU,Sequence + Tabular,0.7228,0.7902,0.3825,0.2593,0.7181,0.381,27.0,34.3,6e09b6e8a1606e84,lat,3,,,
RNN,SW,Sequence Only,0.9174,0.6936,0.3592,0.6032,0.3581,0.4494,16.0,14.7,0f50fb19f263c430,lat,3,,,
RNN,SW,Sequence + Tabular,0.8634,0.8933,0.6082,0.3814,0.7249,0.4999,40.0,39.8,0f50fb19f263c430,lat,3,,,
RNN,ICU,Sequence Only,0.2484,0.5285,0.1248,0.1252,0.8899,0.2196,17.0,20.1,6e09b6e8a1606e84,lat,4,,,
RNN,ICU,Sequence + Tabular,0.7613,0.7838,0.3801,0.2817,0.6509,0.3932,21.0,26.7,6e09b6e8a1606e84,lat,4,,,
RNN,SW,Sequence Only,0.926,0.6903,0.3552,0.7218,0.3486,0.4701,15.0,14.0,0f50fb19f263c430,lat,4,,,
RNN,SW,Sequence + Tabular,0.8291,0.894,0.6077,0.3305,0.7945,0.4668,29.0,29.1,0f50fb19f263c430,lat,4,,,
RNN,ICU,Sequence Only,0.6023,0.5301,0.125,0.1272,0.4004,0.193,21.0,24.6,6e09b6e8a1606e84,lat,42,,,
RNN,ICU,Sequence + Tabular,0.7457,0.7882,0.3853,0.2742,0.6927,0.3929,31.0,39.0,6e09b6e8a1606e84,lat,42,,,
RNN,SW,Sequence Only,0.9057,0.6944,0.3595,0.4989,0.3723,0.4264,23.0,21.1,0f50fb19f263c430,lat,42,,,
RNN,SW,Sequence + Tabular,0.8358,0.891,0.6046,0.3381,0.7771,0.4712,24.0,23.9,0f50fb19f263c430,lat,42,,,
RNN,ICU,Sequence Only,0.2636,0.5245,0.1592,0.1577,0.8888,0.2679,13.0,15.6,6e09b6e8a1606e84,old,1,,,
RNN,ICU,Sequence + Tabular,0.7479,0.8086,0.5222,0.3418,0.7163,0.4628,16.0,20.5,6e09b6e8a1606e84,old,1,,,
RNN,SW,Sequence Only,0.8714,0.6452,0.3299,0.5801,0.266,0.3647,29.0,26.7,0f50fb19f263c430,old,1,,,
RNN,SW,Sequence + Tabular,0.824,0.8793,0.6182,0.426,0.7721,0.5491,30.0,29.9,0f50fb19f263c430,old,1,,,
RNN,ICU,Sequence Only,0.2655,0.5294,0.1607,0.1571,0.881,0.2667,12.0,14.4,6e09b6e8a1606e84,old,2,,,
RNN,ICU,Sequence + Tabular,0.7906,0.8136,0.5266,0.3881,0.6609,0.489,28.0,35.4,6e09b6e8a1606e84,old,2,,,
RNN,SW,Sequence Only,0.8746,0.6464,0.3316,0.6134,0.2611,0.3663,25.0,23.0,0f50fb19f263c430,old,2,,,
RNN,SW,Sequence + Tabular,0.8142,0.8784,0.6134,0.4117,0.7887,0.541,26.0,25.9,0f50fb19f263c430,old,2,,,
RNN,ICU,Sequence Only,0.675,0.5281,0.1597,0.161,0.2716,0.2022,15.0,17.8,6e09b6e8a1606e84,old,3,,,
RNN,ICU,Sequence + Tabular,0.7708,0.809,0.5242,0.364,0.6844,0.4752,22.0,27.9,6e09b6e8a1606e84,old,3,,,
RNN,SW,Sequence Only,0.8747,0.6478,0.3331,0.6119,0.2654,0.3702,19.0,17.4,0f50fb19f263c430,old,3,,,
RNN,SW,Sequence + Tabular,0.8357,0.8783,0.6168,0.4451,0.7458,0.5575,32.0,31.7,0f50fb19f263c430,old,3,,,
RNN,ICU,Sequence Only,0.3001,0.5339,0.1622,0.1598,0.8494,0.269,39.0,45.3,6e09b6e8a1606e84,old,4,,,
RNN,ICU,Sequence + Tabular,0.7886,0.8097,0.5279,0.3855,0.6637,0.4877,21.0,26.5,6e09b6e8a1606e84,old,4,,,
RNN,SW,Sequence Only,0.8753,0.6472,0.3346,0.6215,0.2606,0.3672,17.0,15.6,0f50fb19f263c430,old,4,,,
RNN,SW,Sequence + Tabular,0.8423,0.8797,0.6215,0.4573,0.7287,0.5619,28.0,27.8,0f50fb19f263c430,old,4,,,
RNN,ICU,Sequence Only,0.6431,0.5299,0.1599,0.1646,0.332,0.2201,11.0,13.1,6e09b6e8a1606e84,old,42,,,
RNN,ICU,Sequence + Tabular,0.7588,0.8094,0.5245,0.353,0.7089,0.4713,26.0,33.4,6e09b6e8a1606e84,old,42,,,
RNN,SW,Sequence Only,0.8649,0.6453,0.3343,0.5254,0.2772,0.3629,26.0,24.0,0f50fb19f263c430,old,42,,,
RNN,SW,Sequence + Tabular,0.8174,0.8785,0.6155,0.4162,0.7845,0.5439,28.0,27.9,0f50fb19f263c430,old,42,,,
RNN,ICU,Sequence Only,0.3351,0.5403,0.1521,0.1507,0.8089,0.2541,17.0,17.2,14d2082d80407129,restricted,1,,,
RNN,ICU,Sequence + Tabular,0.7679,0.7901,0.4396,0.3307,0.6427,0.4367,36.0,39.1,14d2082d80407129,restricted,1,,,
RNN,SW,Sequence Only,0.6854,0.6946,0.6355,0.7169,0.524,0.6055,36.0,7.1,476006eb47fe7cf9,restricted,1,,,
RNN,SW,Sequence + Tabular,0.74,0.8062,0.8053,0.7373,0.6767,0.7057,37.0,7.8,476006eb47fe7cf9,restricted,1,,,
RNN,ICU,Sequence Only,0.305,0.5453,0.1583,0.1501,0.8503,0.2551,22.0,22.2,14d2082d80407129,restricted,2,,,
RNN,ICU,Sequence + Tabular,0.7202,0.7941,0.4461,0.2952,0.7195,0.4186,30.0,32.5,14d2082d80407129,restricted,2,,,
RNN,SW,Sequence Only,0.6825,0.6935,0.6314,0.7082,0.5287,0.6054,44.0,8.6,476006eb47fe7cf9,restricted,2,,,
RNN,SW,Sequence + Tabular,0.7421,0.8077,0.8062,0.7527,0.6558,0.7009,45.0,9.5,476006eb47fe7cf9,restricted,2,,,
RNN,ICU,Sequence Only,0.3207,0.5429,0.1538,0.1501,0.8264,0.2541,12.0,12.2,14d2082d80407129,restricted,3,,,
RNN,ICU,Sequence + Tabular,0.7355,0.7873,0.4375,0.3019,0.6777,0.4177,21.0,22.8,14d2082d80407129,restricted,3,,,
RNN,SW,Sequence Only,0.6821,0.6949,0.6331,0.7096,0.5248,0.6034,25.0,4.9,476006eb47fe7cf9,restricted,3,,,
RNN,SW,Sequence + Tabular,0.7346,0.8066,0.8018,0.7142,0.707,0.7106,32.0,6.8,476006eb47fe7cf9,restricted,3,,,
RNN,ICU,Sequence Only,0.3324,0.5431,0.158,0.1507,0.8128,0.2542,18.0,18.1,14d2082d80407129,restricted,4,,,
RNN,ICU,Sequence + Tabular,0.7589,0.7878,0.4397,0.3225,0.6558,0.4324,19.0,20.5,14d2082d80407129,restricted,4,,,
RNN,SW,Sequence Only,0.6832,0.6981,0.638,0.7058,0.5357,0.6091,26.0,5.1,476006eb47fe7cf9,restricted,4,,,
RNN,SW,Sequence + Tabular,0.7364,0.808,0.8073,0.7184,0.7039,0.711,38.0,8.0,476006eb47fe7cf9,restricted,4,,,
RNN,ICU,Sequence Only,0.3308,0.5457,0.1538,0.1513,0.8201,0.2555,22.0,22.2,14d2082d80407129,restricted,42,,,
RNN,ICU,Sequence + Tabular,0.7556,0.7892,0.4373,0.3196,0.6607,0.4308,34.0,36.7,14d2082d80407129,restricted,42,,,
RNN,SW,Sequence Only,0.6839,0.698,0.639,0.7161,0.5202,0.6026,32.0,6.2,476006eb47fe7cf9,restricted,42,,,
RNN,SW,Sequence + Tabular,0.7393,0.8071,0.8057,0.75,0.6512,0.6971,43.0,9.1,476006eb47fe7cf9,restricted,42,,,
